id,prefix,first_name,last_name,address,height,bitcoin_address,color_preference
1,Rev,Godiva,Beeck,324 Delladonna Terrace,205.1,1B6gZsv2ZSUQSK4t9v47BpHp8y9rwUB3Ab,#289776
2,Honorable,Brandon,Arnfield,0680 Kim Center,167.4,1N2iqfCLVWBACXZH8j1Saj4v11G1rqscGS,#f1661b
3,Dr,Rubetta,Beecheno,80 Carpenter Avenue,208.6,1GstT9JDBKgfLi8jS8WviioXBcHtWJJ861,#3fbef7
4,Mr,Cacilia,Sante,4825 Westport Parkway,182.6,1D4uS1Suh6kxoFrM7iiNjbUa5yTTuKNQ8G,#ee5e0e
5,,Orel,Oakinfold,31004 Burrows Pass,208.1,1G3gfV72UY7q7aBh4yy1rZmpH7a85RC92,#d0a59b
6,Mrs,Towny,Phette,04005 Rockefeller Court,173.1,1KmrXhFsi8ZhqxCezXzgyGQp7n9de2xbpE,#225298
7,Honorable,Lara,Hallibone,15387 Rockefeller Avenue,206.3,1ExneAgrD5tdoLQWupeRAdxGMxNZEtfNG6,#98c74b
8,Rev,Danica,Slatcher,35 Bunting Pass,,1Q3WCbFnRLhF43rPCpwARa78UYRfhNrNAo,#20ad13
9,Honorable,Carlen,Luker,1344 Namekagon Hill,164.3,14qqMQ2KqwVqBi1BqmX731qaXEbQQAxcs2,#018101
10,Dr,Fabien,Firmage,,,126H26J5T2AyirVrxzYjBU1xo72YUg53cS,#544aa6
11,Ms,Sammie,Espinho,25040 Straubel Lane,200.6,1HSwndHQT5TZFRb8WTwjorXL4iHWC1uSVC,#298980
12,Honorable,Elbertina,Curtis,2224 Schmedeman Road,193.2,1BYnovqRhJfXkB429mLRzc9XsMbrd9rGYp,#c21463
13,Mr,Marylin,Woosnam,63 Fieldstone Circle,207.1,1B7k86njdfEiG8qJEerhQPUJoSEiC5adRs,#ab79bf
14,Rev,Caz,Goldsmith,460 Lerdahl Drive,161.8,1LQ5zqbccUeoviTtGLHVqP7BcVwSccd1t6,#8801f7
15,Mrs,Quintana,Assiter,31 Barnett Way,203.2,1FmutbZnuagCg5G1funs5fjTCysXHFay5i,#73e8b5
16,Mrs,Terry,Danilchik,7 Park Meadow Plaza,179.1,1KoCswJK3oMtZjHqdf7yZuQS4uBwdqX5DG,#208ef0
17,Rev,Floris,Patterson,,171.6,1Kc4A9vtrVFLTcK7sNWx6MuMuCQn8ExhrC,#d4cc07
18,Mr,Egon,Lorrimer,5 Buell Drive,182.4,1EdgTkN2CaokUBrjH9pP6KuLb7FUPmkN4o,#33e830
19,Honorable,Innis,Kobsch,6863 Fairfield Center,192.8,1P7n7jYiXssqehi2zod11nw4sj7xUnR16E,#9a0029
20,Mrs,Damien,Widd,3 Canary Crossing,184.1,1MabCU8ANYh2iz89UReeQSkmBseNBCE4Fs,#da49b0
21,Mr,Arvie,Mold,,178.4,1Eb9gDWKsFAZdqFRrLLZqXeNyEmzz9w39K,#e61547
22,Mrs,Billy,Finnis,679 Oneill Avenue,182.9,148HJVutnF7r7WcfeDmgjKSaY7T6tcfv5R,#3cb764
23,Rev,Bellanca,Iiannoni,,158.7,1Fkgmcdd6rBLLwfSpWbG59ZHJHqyrU1CKo,#aaa79e
24,Honorable,Isaak,Sole,51 Pankratz Court,196.4,14GNRws5YNoKyeYY6hMr38RDBUyyy4yB6z,#1754a6
25,Ms,Jessie,Dysert,69 Dawn Drive,184.3,1Euh6TFwspwkacmcC1Wjrxr7nbXAcdHB32,#dd15d5
26,Honorable,Gerianna,Glisane,95 Cardinal Circle,191.2,17xNqo1RNeSiSVxYcDQgdgd3pFV8yfVNfr,#ead6da
27,Ms,Lilas,Dunsire,5 Sunfield Drive,168.6,1JSSEhQ83hqRWT1Rmmge9x6UitL64gnm2h,#cc5021
28,Rev,Lilly,Yosevitz,09 Cottonwood Alley,,1Gg671q3fs8nsNVoe9feMaXFstSq1oAEc8,#8a4744
29,Honorable,Perry,Vowdon,7700 Grover Court,178.9,13pVMSH8ZWWUuvzv7tQjNFn7f6429Z3ZjB,#ca387a
30,Rev,Alaine,Gillio,,,19UEWgrzEFAH5NzSmGA1DwHFrciNiVvswU,#2ab8e1
31,Honorable,Kory,Lettington,6823 Evergreen Hill,161.6,1NwVtc1cSbndgquGsnvQ44msdNcxoH4a9d,#8dc341
32,Mrs,Victor,Sickamore,57534 Corben Junction,191.7,1HbZHN8xx4RbR4Jmn3Wg7uLukwNwN14piD,#21a57b
33,Rev,Odilia,Brisbane,805 Kenwood Plaza,177.2,1CeTJp1A8Ab8ahEyMFk8nBYaEfNavzhGYR,#4a008c
34,Dr,Hanson,Jonuzi,,198.8,14jB3vYvAvMcbErx2R1qU6gjXPKqBbKryR,#9ee35a
35,Mr,Warden,Pesselt,39 Towne Drive,177.0,1MnK1eCpnrSwQkLgtK3D8UAAVGkPRabnv,#e68d2d
36,Dr,Jeffie,Tibbits,3 Carpenter Plaza,160.4,1QMCoCvDV6yYxvwJbKqwXwzG1i9yLEGkm,#60bcaf
37,Dr,Purcell,Swindall,5 Crowley Street,,1GeGh863iHwJJR5Y1qUFQu2ysfZrsoiSFQ,#e34628
38,Mrs,Hale,Idle,9 Hollow Ridge Way,170.2,185se4QWqWfvqrDQG9vEh6M4fF632rHU7V,#e81457
39,Mrs,Brodie,Kochl,868 Alpine Center,180.4,1MimXsxuwbi4dMKNbdbyXrt4sz2Sxz9wu2,#dcda9b
40,Rev,Bourke,Timpany,2382 Cottonwood Plaza,198.7,13fzmd4SKdhoticCmxhHQPDCcgxiXADcVY,#7a58ef
41,Honorable,Griffie,Tidswell,,169.6,1ABhmZxEgWCGj4pDouzoCYcmh6ZDgec3L8,#74a522
42,Ms,Moise,Nuemann,6 Hudson Court,182.6,172GP49YTmrjvfRLSajG5vfZELhFAdF5mm,#6e6657
43,Mr,Filberte,Sherbrook,27 Shasta Crossing,,1NVrWoxued4zVKfSdySq7d99no9nvfLh7N,#de6eff
44,Mrs,Georgeanna,Vasyunichev,61832 7th Trail,199.9,1Fpf9CLf8nypZ7RBr9jnQwLkPKBSmtEJsb,#abac4d
45,Ms,Emmy,De La Coste,8 Boyd Hill,198.4,19sAoerMf4acfVaYqED31zy3qmsAQyog5H,#8c2069
46,Dr,Kary,MacLeese,94 Bayside Lane,204.5,1AS1WL5BrfgsDYToBJKQnhx5grzZfzG38p,#7cb995
47,Rev,Dorise,Chennells,73903 Delladonna Pass,185.3,1MnbxaknruNzGPerPGp4rBiLdiKNLtoYu5,#a86916
48,Honorable,Shellysheldon,Stirgess,0620 Carioca Court,,16B3cM7TEyK7hm8x2grjjf6dadvdi5smg1,#0fa979
49,Rev,Rossie,Charopen,,204.6,1FKWJUwUuDkR4AH8apQ4PYeW5iuJ9mwj3b,#e1d802
50,Rev,Artus,Life,76722 John Wall Court,,1GLM2kdyN48CMvRnXyBtAhoYMBdvxj88GD,#c39ab8
51,Honorable,Lucienne,Dennistoun,85 Fair Oaks Park,189.5,18nK2kAyA2WCs6XAoDwWwFGSaDrGXb3hur,#c537eb
52,Mr,Lolita,Figge,80457 Kim Place,176.3,16hBebZvpXRkCkUHy8nRH88HNaYuY3pqQL,#b11437
53,Rev,Shayne,Kelmere,484 Bowman Crossing,185.3,14BQLTRHVKbBBTwFqB8spZ7Vm3qE7ydiaM,#7aeec3
54,Ms,Randell,Armin,7281 Sheridan Parkway,190.9,19NbPK8qtU8MZGgr5dfWQXYFxCN6UpNaxH,#b54d34
55,Honorable,Otis,Copper,962 Ridge Oak Avenue,163.0,1LFNUL4EPXvJ5sevcBNtvygsTJZpjGD8W6,#5b7225
56,Rev,Jesse,Doddemeade,,202.8,1MPj7wvkqSZqUjqZgLGEaeBrm7DNCJXZxp,#77c090
57,Mrs,Loreen,Lamborn,536 Schiller Terrace,166.6,1FfHbkyWdg1AuAbVBeyKXVDGQ29uHqheuD,#85661f
58,Dr,Karee,Burrell,4 Londonderry Road,160.6,1PcB1rzBRk3f2SzMnPVEN1UjqiuwukNav3,#d2b0f9
59,Mr,Lola,Crummy,364 Kinsman Point,193.4,148VuFgLHyriX151oP9wLF61r28TsnZRqy,#ca3110
60,Honorable,Andy,Lyman,0071 Stoughton Junction,176.0,1CWCtkDaCgEacq6uyMEudvKeRonc899sZ2,#d66bb3
61,Honorable,Marijo,Dyerson,48132 Golden Leaf Trail,,1KdVuAQybP4HdUQYN4nVR3nMzebweAfqz7,#385335
62,Ms,Darwin,Iseton,7 Cordelia Crossing,,1HY6sP24pvea1bSddvyGobNoAnja9wAGRi,#8dbc78
63,,Alfreda,Siene,5 Schurz Junction,178.7,1HExrdMVr5dhMM1oJZ5SNA6d3aeh4g5jkS,#e917e0
64,Honorable,Gordon,Houndson,2 Waxwing Drive,207.8,16Zh4MfSTNCxFTpibTinRWQ6GPWeoddEKP,#a9a8ca
65,Ms,Carlotta,Begin,604 Monterey Trail,190.1,13tp9JB2QGJKGET2WvGGqbfvXzDVDgF8GG,#311872
66,Honorable,Archie,Nowak,5 Helena Crossing,178.4,1ABEaTq1TUU17RJLbnLbU4oohzMKigBM4q,#1040f5
67,Mrs,Arne,Husset,268 Garrison Parkway,202.2,17wdSAcezWGMnCeogUW62qeHkuUyytttLx,
68,Dr,Annissa,Jehan,28742 Coleman Park,,16GUNdCJ8UrvPPk3yJshthK366pCKfeV1S,#50da8a
69,Honorable,Liliane,Ketchell,58 Mallory Drive,203.7,12Fbq7wpYCxibaSjqM32JUYRAbzExEUhfa,#27351a
70,Rev,Erin,Matus,8755 Lillian Alley,167.7,1H2m6ypAwLvuE5nEyzZnLhVyTbiuDQNu6a,#15ea5f
71,Rev,Collin,Overington,877 Daystar Center,164.4,1Mpn3BRNre1vhoWd6N6cqMA8gKVDUPgiMK,
72,Honorable,Marco,Fleote,19 West Park,169.1,1HVPU3TBoV4kAkcXjg4vBEEtzRo5S56poN,#6c4f56
73,Mr,Jocelyne,Attac,,205.7,1N17HyDrX4UDTHdXMFRTe1ouitFhD7pp9G,
74,Honorable,Quintana,Bezants,738 Washington Park,182.1,1K8FgBg1gxDZscibjiqPbmzLujs6mKkA4B,#72e911
75,Dr,Vicki,Lambertazzi,3 Mariners Cove Pass,,1Cqp3sd4CnpEiNu6nbZMKNfpBLJLfvLktR,#b0d009
76,Mr,Amargo,Roll,70 Toban Alley,177.1,1KmY9Zu3k4XwpEDMTpVCfbUd5MfMH8SVaM,#332cd2
77,Honorable,Yoshi,Raddan,0 Barnett Hill,175.4,1JnhKSJs19TwwARLxMfCs1ZNs2tapVbMYd,#7e0dee
78,Honorable,Antonia,Diboll,673 Milwaukee Pass,166.1,1N3PgjoirMEfg4vCWmX5Ac4LWxrcNmsLLe,#963d9c
79,Mrs,Dasha,Nore,0 Beilfuss Center,172.2,126KhDiYTn1rH5KHZNxkBWrN1aP5nPg5E7,#c33831
80,Rev,Jerrold,Carbert,7613 Onsgard Terrace,189.5,15N4cV9ugZhTJvUQFptLFtJFbPBMRrFqT6,#78f508
81,Mr,Pinchas,Schenfisch,782 Crownhardt Park,200.9,1JMvbKjvgfdCXJbiz6ZD7GmH4gyNtUL1ZN,#d45a02
82,,Harmon,Greenan,23 Oak Valley Drive,174.0,1NrMGJqYiFtudvbLgyBRMAq1ddM6GeWbNK,#09fced
83,Mrs,Milzie,Blew,49 Pine View Terrace,189.6,15nbifQA3rwAC5jGKvdbUceMdvgEnznUDa,#a85640
84,Mr,Cordelia,Corringham,6491 Harbort Lane,176.8,1ATSXThZf8Lq9XU6PP54aLU8jKwPs7KtaN,#eb9f59
85,Mr,Bobbie,MacFarlane,67187 Hovde Trail,186.6,1KswJCdfiaDiNngioFeUuFUqBdZF9brZZz,#6817ff
86,Honorable,Kore,Harmston,,202.7,15HFmYKNyMmwkiRrFgLEcJjfBTH5dugkuE,#49d189
87,Mr,Alysia,Qualtro,21 Milwaukee Road,158.9,1F6JA6aicM6cq3ngRaM6pdFYZ2XpqJbSP2,#066d31
88,Ms,Bonnie,Hukin,16554 Pine View Way,157.6,1P9uQMRKjVfz5ouu3EyCFtpVMe5oVkXatN,#f59415
89,Honorable,Ruby,Quant,1 Mesta Center,188.9,18qVRi6Pdr7ML6mkm8u5RXwZPmfP6745ob,#f0cb54
90,Mr,Stacie,Surpliss,22019 Maple Wood Lane,168.7,1BkkufmcLAjUGiB28KHfSH1uojbvbZVtYW,#b02c6a
91,Honorable,Ranique,Brobeck,5 Farmco Hill,199.9,18ECMFCHb6gUUcDPBx9WHPcUskYpdtFj5m,#85cf13
92,,Cad,De la Yglesia,57 Crescent Oaks Center,184.2,16ory8dx41rzG45dy1thnpdqut4321Ynte,#7ac9b0
93,Mrs,Emiline,Frobisher,89577 Veith Way,193.4,19CBfAmdHgYZhbJuYSBix8TfXWzFUNZESN,#1b4d7e
94,Rev,Fabien,Hyde,6608 Red Cloud Trail,174.6,14y8t4v6KwFPbPeR3aCLWGBiFC9d7oNFZ6,#ecaa89
95,Ms,Meredeth,Poppleton,,192.1,1AknFC8uEFWPESaxFnMk3EbAAgtXfDuhHA,#d5ae69
96,Mrs,Richy,Bradmore,523 Westport Avenue,184.3,1GKHeRGgnVkyVoaaxkZVFyC3d22zj9bcxV,#a159ca
97,Mrs,Kalina,Antonat,,196.4,1EmFtuncx53XNBMwaXQgwdTQEvP9MabrM1,#8bf13a
98,Mr,Tommie,Ewbach,851 Chive Pass,171.3,1Q8tqgwq73rmFg8dkciRxhChQjGrqoWjwt,#56f564
99,Mr,Kacie,Pontefract,5 Harper Circle,161.6,17NrNzSzTEVzAMVDgPYBYYtn26VhaGutqC,
100,Dr,Madlen,Sanham,93 Division Parkway,159.3,1BnEwRCcURFSQAnasuEoZ5QpvGYwzYyKM6,#431b67
101,Mrs,Glen,Cattermole,76085 Gerald Pass,,1TLSddLwcHJuwT127Uc3YufyC99U2rL3U,#2bbbd4
102,Dr,Chloette,Godehard.sf,1 Maple Place,168.5,13rHMR3BCNqXkb2mvw2K1WfhTjWsz4drg6,#bd3fdb
103,Mr,Tynan,Mico,99401 Fisk Drive,192.8,168pGWW7Petct9yeZrCoiw1PaKnmewPqrf,#0ee171
104,Dr,Rochelle,Steffan,6 Schmedeman Point,178.7,1Gqdsc2wbU6s66xZcYZdnuaXFDF7boUCf7,#ffdcff
105,Honorable,Luce,Dingley,7956 Mayfield Drive,160.9,1GsK3dtG2ZeCS2yXRftFRWUa8MoJHcYfr9,#26abc9
106,Dr,Shara,Dering,8 Kenwood Lane,,12S7ab9SJLJ65MzBAhHhyZaYWwq3u2RCYw,#b63e02
107,Mr,Deana,Roncelli,89 Ridge Oak Place,202.6,19jX3SqqTCxX6JPcuBqjf8k1DZevcUpfor,#d5f988
108,Dr,Tobye,Bendon,37 Golf View Way,189.2,16KcDm1BhfFY6bWeqs3qW2Gug83rLjqKtr,#997ee1
109,Mr,Rene,Matisse,1515 Rigney Street,,1HBWaW4JRqg7fCs5onKeAZQFeKfmwaWxBL,#c2839f
110,Mrs,Brandice,Inker,54532 Norway Maple Lane,173.0,1FMaQ1R4kHc8nMnj11t1KFCW3c22D9697U,#c8e974
111,,Berky,Pyvis,3 Mendota Parkway,159.0,1GaMBmB4FoMtXzyXDRKf8nDAi2SBYFdELx,#cb5221
112,Honorable,Donny,Peaden,501 Roxbury Point,205.6,1KQELRYJhSgWDqFewPNK3gr4hUYtdW296k,#61058a
113,Dr,Aidan,Hancorn,507 Morrow Plaza,169.3,1Pyay7FnzVg557NeNjfVA2n7ctoqSZpgrk,#f5649f
114,Honorable,Xever,Delacroux,84827 Schmedeman Street,198.0,1DNzquj4UNYHAXsKhjWhY3puzAZdPThSmt,#3723ac
115,Ms,Brit,Hammor,4 Laurel Pass,168.5,19Nn1S4hcEsDYGoEkTTtpBHMfrsKKrwkeM,#6214c1
116,Ms,Reinaldo,Jacquot,,185.3,1Lya5HBJSf6cykgnuJwyx6F8s3cjte3msb,#ca6d2e
117,Dr,Weidar,Purslow,0422 Coolidge Plaza,163.3,1KWdu3SVBQ951kuvFmoQMmU5Rf68KEhUox,#eb1542
118,,Izzy,Jewer,69144 Vera Park,155.2,18AV3sGzjxce7aJwqnSZEVtLL6XHueZjJ6,#f836e0
119,,Corny,Jenman,36 Esch Road,205.1,1M37xJcVF7ma699Jvu4dbcWRTpHyEq1on5,#5dcd3b
120,Dr,Wood,Gyves,8595 Bowman Road,184.6,1Mv72fmUPDDczZiAR1brJWmTRqfe8crv33,#e1c60b
121,Ms,Parrnell,Minucci,047 Oxford Center,175.1,1Q7WoWuF4NHAFp8d3532Ki5zmms4CDmTyj,#95765d
122,Dr,Pat,Offner,8750 Vernon Terrace,,1FKaRR8obUXQk2r7rZzYb9y8Pm3hwK3AK,#11514d
123,Ms,Marsha,Clitheroe,61 Kinsman Terrace,156.8,1HTFum1R9GjC717sjGoJ1E4vFBhpigaduv,#2157f3
124,Rev,Thelma,Cork,4 Dottie Drive,198.9,19D8stkau1obYi2hghqShvD88YEbDvqZWW,#71a408
125,Rev,Immanuel,Kenward,9 Homewood Lane,209.7,13ii2LBJA3ZLF4MSFdXbNcxB8fEKmBttdW,#ce3839
126,Ms,Alix,De Blasio,1798 Namekagon Street,187.7,18vKk8wdmM1EmZLf4HTtu9Luj4qHPfZw45,#19ce64
127,Mrs,Nealy,Leathard,67776 Prairieview Road,209.7,17gTMSjzHDDSWQLBEYdBN39jT6agN63V9x,#ce8677
128,Mrs,Ferdinanda,Coper,004 Forster Parkway,164.9,18eqSRJcoBTpTrZxjMD95x8zdyMfbzXaoQ,#acb174
129,Mr,Sharline,Bernaldez,659 Ramsey Drive,155.1,1BKETHcLwEKUTkpbriHkBQFQ7z6hZkj41,#d7d186
130,Honorable,Kris,Samson,,172.8,1PEJVWhkNHzLNePQNZRuPN66vsv4pV9itJ,#b8ead3
131,Rev,Cullin,Gayle,,156.3,1HuavpZAgmwHETawS95FxiJK7LRVNnqNLw,#64e124
132,Honorable,Ashly,Farress,755 Mitchell Crossing,181.5,1FinZUgDjTrcGoMzwVouhPT53zxpoU5DdW,#c3336f
133,Ms,Cordy,Orwell,,173.1,1h1PyqsHSMXoz5wnpc8yGnRyYNG7UzzNj,#010236
134,Mrs,Lucais,Bruckstein,90 Melrose Pass,,1GTBg9aRgfBi5Kuv1hMp7JCNaHd3QHAUDV,#7ab8a0
135,,Alexei,Rudkin,,186.1,1JzPKGpNBSbwaG2ysz23rYKhoQFghRrxFV,#dc5c98
136,Ms,Gabie,Ojeda,863 Butterfield Terrace,157.1,1LPcLR75CT6fExiNgasdZhGe7wZWEnR7MT,#aca03e
137,Mr,Nelly,Margrem,5679 Fairview Avenue,205.3,13g4BwNXw6yWU8MNxj353bcfcpELE2VAWX,#5afd09
138,Honorable,Elicia,Fosbraey,9797 Jenna Hill,192.5,17KCkWeaALE71xJUAjGrwvDZfLzTVSGJ6G,#f51795
139,Ms,Niki,Basson,7 Northfield Circle,184.3,15fv1uprqePF4WZa3ct6GLGF1GpMq1jkW5,#531c17
140,Mr,Regine,Westmarland,62343 Armistice Street,173.9,16hxfJXpYAKvbMmX9MGfxtU8AQzV75CPg7,#fe28d9
141,Honorable,Binni,Crennan,32521 Kipling Pass,183.4,1GGcmdYqyEDtPeVXfsuhTKkAUexF36Z7tJ,#5c8b69
142,Rev,Atlante,Stonestreet,3 Waywood Court,207.0,16irotqp5ex9Rd2EorfmFUf8nu7DGUn4xV,#da57ef
143,Mrs,Verina,Spiers,32 Main Terrace,206.7,1HZqw54NWwTVfW2bCVP7hc1FRR1uBezKiG,#0f2bae
144,Mrs,Josi,Bunworth,2627 Onsgard Junction,196.2,1CwwqJk166HzAKq3hvwEn9RLzut4pRzFMn,#76ea00
145,Rev,Elden,Goode,473 Paget Point,156.5,1M5ByqF4GMkR3LEiJfaJvb8LAXeYHEwEVM,#2ca24d
146,,Gwen,Mumbey,83 Hazelcrest Junction,181.4,13LsCGCKXQQSteHJ8TrgJqACWvp2FRGdW5,#5e7b81
147,Ms,Ban,Benzies,846 Shasta Place,204.6,1JAHEsKTzS3ThuUwkF1FRaVrtnkYo4QLMk,#c6f3ba
148,Dr,Stephanie,Finley,849 Green Ridge Way,190.4,1LDoTSuBq76BhEQLV14maQTzSrx7o9nGQe,#49bd9f
149,Mr,Constantino,Brundall,71250 Johnson Point,175.2,1MCeqq5zU4zxp7GF3TLnE4LNZa6F7zkKSi,#797799
150,Ms,Tammi,Narraway,27615 Oakridge Way,171.1,1HKDoFB3mLCA5nLe9T6Md1SQE1ugfcEcgJ,#4e0335
151,Honorable,Merry,Bellee,97563 Novick Alley,200.0,1AFAiwpJg3YYwNywHfMio3G2zt68ge6fEm,#5343d5
152,Mrs,Sinclare,Aizikovich,1 Mayfield Park,170.7,1FtScT3H3yDwP46baVc86eg5uakg5eqBBo,#bb0eb4
153,Ms,Joelynn,Askem,,168.5,133zT6YjUP3KLhfz2ivVrKCQxAHK3VFiae,#7be206
154,Ms,Jillie,Cleare,9339 Tony Alley,176.0,1MeAt2hzwMDhzBcuwK5hKohbvZKCJHEfSL,#2c1dd2
155,Mrs,Giffie,Cano,,159.5,1NKex2LGMYKX9q3rqiD1hzkZXTyJZMqyG1,#6ecdf7
156,Mr,Hermann,Sacaze,936 Marcy Road,208.6,115Th9a5qGK3He8NeM16SGfgi7iYhurjY5,#6a1b2f
157,Mrs,Chicky,Barfoot,71 Mitchell Park,209.2,1QDjzvb9sKGKhhn56sfjv9aGkUVSAM2cuM,#c92ce1
158,Mrs,Tessie,Glidder,4 Cambridge Trail,204.5,17gVEvLP1KNA24vJs5Tua8Tpmf1sQDtT48,#059639
159,Mr,Netti,Mebs,,160.0,19mzqofB53p6KKjkNXxGGLxxRQF9cZsnoJ,#91f8a4
160,Ms,Paul,Bennit,5 Cordelia Street,185.0,1QBkSs6XXmHrQA3oNBeP6F91kB8DfnQ4aZ,#03c222
161,Dr,Tracie,Joisce,96633 American Ash Alley,,1NjtRXrBcDiK9NJXrNGQTaENbXpVH9ULED,#0a575e
162,Mr,Ardene,Arnot,851 Tennessee Court,204.5,1KW1nafD5qDV5yLKyPYGKHA9EWEmN9QZXD,#f83a76
163,Rev,Tory,Smead,06 Sommers Circle,,17gDateUgjSB4bRGjeRAfpz1kqCYqDTS9f,#42997f
164,Honorable,Martie,Crosfeld,,198.6,1ARACLkLJNPyU8uAzFQBUiq4u4zxbJfMTW,#03c6ec
165,Mrs,Elsey,Bamsey,11 Golf Course Drive,202.2,1HtfHkML9bn9PrWw3a1ttSZJwgRdoFhsyr,#ada6d4
166,Rev,Vernon,Soan,60 Kinsman Point,188.3,1Jv7VJ7eeCaPy1pPrFCb3WgBs2UKuUWdfm,#52b6d3
167,Dr,Humfried,Hinkensen,3 Manufacturers Plaza,182.2,14DTPu5LHz9RcuCCbjojsKhCAVcxKz1Pf9,#eceae0
168,Honorable,Alisha,Beetham,,166.4,1GLEwWkao5e85VbpnNtGuiVpcpJPyRk46D,#d92f54
169,Dr,Bruce,Ludy,9958 Service Junction,165.6,1PZ1MC5cJow4aTQN4RSU2jyvU9ikpqWwdd,#7cc95a
170,Dr,Blane,Ciobutaro,94340 Northport Alley,176.2,1FFM65PgmRc2x1sKbhuAeZDkzq1Nt9XtKS,#85bf84
171,,Cordie,Matteacci,307 Judy Road,191.9,1MsAB6tyQuQMBFQyWZU2ow7bM6Jpss6jqo,#78ac18
172,Rev,Dacy,Valentin,0 David Parkway,205.3,14Nr3X3Ud9cwF75YkGPVpvYuSXW4pFUMva,#62d833
173,Ms,Sauveur,Allright,,,1CLXv6GKgR6wuBRjgXDmYqtwC6A9jHjWot,#82f75d
174,Rev,Lisle,Seif,,202.7,1PZf2mWVFJ3eL86C11dQgRAwmdQoSHsEuZ,#822ef7
175,Honorable,Trefor,Klein,357 Valley Edge Avenue,195.1,1PVhQUE1tT8mW1ot5ebbTkxs1c4CnMarPH,#db3160
176,Dr,Nerissa,Whitfeld,709 Weeping Birch Point,,1JZEErA3n587Rs3CAHJsxuKY4DRVoRMgym,#db58e8
177,Dr,Freddi,Dome,109 4th Park,189.2,1PmEoGagGwhisteUicXSXKreYwejW376yq,#17fbbb
178,Rev,Hermann,Grayston,559 Union Way,204.0,1CCTWCku1TtVef2QnnmAUcg7L8bUomvWGr,#cb6d1f
179,Honorable,Liane,Cahey,45249 Kenwood Junction,177.5,1Q7DgNV7FBtJ8nkbYvhM5z6Jpz3bpfdxTg,#266ba2
180,Dr,Correy,Caldayrou,81 Bowman Place,,1LUtin7zFQkkiL95xcVw6GGZ5b9uyDDerM,#9926aa
181,Rev,Hurleigh,Makiver,024 Porter Trail,185.7,145qFLGDJ1dbd4g2SAAG2G2D1RndCGksXz,#e34d17
182,Mr,Jed,Blore,509 Northport Circle,174.7,1GNs8CsQPgukn9JV5gFdMTTcTYZjHpTDmQ,#d0faa2
183,Dr,Reilly,Sterrie,8969 Hanson Way,183.2,13nK34VFWSLCuKjeFdH8EMprb6mQ396b84,#a642e8
184,Ms,Jerrilee,Keig,0220 Graceland Avenue,186.6,13sTpt6e5eCJzXfmAQaZq9vEcViw9cPfsG,#85b947
185,Honorable,Herby,Thoms,,177.0,1BRMeLpmrmnjxdBS9UewCiiftAujq5HmdS,#0636d7
186,,Brooks,Neagle,70964 Trailsway Road,179.3,1FjiWfjZWTLrKJ9rzEBf8Pvys7zoXvowHF,#ec720c
187,Dr,Evelyn,Laste,5589 Morning Hill,174.4,1N2QzoHZ1yoHB8WZuYTtCyvTHNrANptcys,#fbbf4e
188,Mrs,Luigi,Pickworth,,162.2,17NCLw9WCJpXDF3QtvbPxCjhrEp8fqFPtw,
189,Dr,Isaak,Roadknight,2 Starling Parkway,,1Es3YxddGYt34sH74gtWMBqaAT8Pt4VCZj,#0aaf2f
190,,Cherice,Worshall,41886 Lunder Circle,171.1,1K1o9YnrFd6iccDeixL2dcrbR2UxRW8S1w,#31e502
191,Dr,Scarlett,Ovesen,117 Vernon Crossing,189.3,137iWnS6EYpWKPqs7z8YR1o16HkHsZExZc,#541df1
192,Honorable,Arlene,Dreus,554 Bultman Road,190.2,1G2L6exqrqyRBMJ2zWsT21csHXfdDyuc1e,#be8ec8
193,Ms,Palm,Jaime,5 Pond Street,157.5,1PtLmiLH8uonv35gdBN5agLrK3zFhTsG3a,#6661a1
194,Mrs,Buffy,Cordeux,228 Northport Street,173.5,1DyNTecQ2hgxeNzK5YAJgBDQcXEDzjHedq,#a6e15c
195,Dr,Aleksandr,Tewelson,91782 Comanche Hill,193.1,1gud4MRWGbZ9AfsegwNV3gA2DjGtWhC6F,#1a6364
196,Honorable,Geraldine,Scobie,,205.2,1MACNAhHs9qd3RF5xZvrQDGj2UHWsEtjxf,#6dc43a
197,Ms,Venus,Hansmann,4959 Debs Circle,171.8,1NGg8TvmyVDzy2ZBtCQgpaF6DDMsGgU8tb,#782afe
198,Mr,Thedric,Mingauld,8 Tennyson Circle,161.9,1Hsx4TZLoqZShj95c8abrcvL8iq46eFV9J,#69f8b5
199,,Euell,Emmanuele,,200.4,1swG7Z3HzjVKYhGGnvPqrHrs2FmigLCV7,#8d50ef
200,Honorable,Layla,Collum,06322 Northfield Trail,,1PaUCDFsAEYi7d69AaUn7EQtiAAp7hzCkh,#831255
201,,Harley,Ilett,02 Namekagon Place,189.1,1EZb9YE9f96zvFvCvazmCXMza9L2TcRHjN,#a7fc5e
202,Dr,Cicily,Dorr,5335 Daystar Road,189.2,1FPVS4hM3U2MV8FhYH964jLG3cTaQ216mn,#46c50d
203,,Harrietta,Edel,5498 Cody Hill,192.4,1GtY63gdG5pXnGAEGCtxhR1qr2KGStvCg4,#cd7ef6
204,Honorable,Evelina,Crock,97703 Superior Drive,207.6,1Lh9xqSBs81Shb4kefcnthH1Cbz5sJySvU,#962400
205,Honorable,Calida,Wilford,0850 Veith Alley,188.2,1LehroFDaVA52aywXGQ5tV2CPPJeL6K4yd,#475fe9
206,Rev,Ramsay,Karlsen,,176.3,12Aw5dfQhLtW4KPxQZ18haZEtb3nydpkBd,#ac360f
207,Ms,Orelle,Kleynen,48 Spaight Pass,181.8,14hcw5ZYkZEFbFzAKtZw9Vp8HhFjnPXNtJ,#9d7fa4
208,,Etienne,Clohessy,123 Surrey Way,169.3,1EoAhguMuqDacskcdU1SbB9G4DVVZyYYzB,#7e6fee
209,Ms,Hasty,Coltman,3627 Kenwood Avenue,178.2,1L2HJjXEoTkuen9Ab5cxpNr6sDEdgvsVau,#41cb1b
210,Dr,Laure,Caughey,3933 Tomscot Trail,187.9,1DXk5U1HokutujuZGBHqdT8xsGhmhsd8yh,#b23faf
211,Honorable,Ferdinand,Crackel,95 Mifflin Crossing,169.4,1CxMXrYUR7Qxjvk3FA5ui7MLN72rexNKvK,#5160ff
212,Ms,Ody,Grassin,,,1BKFMPiqfVGvf9ehd5NjXHNuNHib1DrKaM,#3771cb
213,Mrs,Lyle,Geeves,110 Dawn Avenue,175.4,1847Cw359swFqLDTSzMzoescAwDEuanH4r,#3d7036
214,,Faun,Ruddoch,77114 Dixon Place,,1CQ4aj9XX75CvyLRMK78TwsTXG5MiMKMGz,#967069
215,,Haskell,Claremont,2 Claremont Court,209.4,1PR3X6mPmSQecVpmviB6ZdDvQ3VoVSACGN,#09b61c
216,Honorable,Mellie,Linggood,,180.9,12Qt6Xi7FBsbFhR8foirBaLuc7d98EWgAX,#8fc8c7
217,Mrs,Reinaldos,Listone,30950 Graedel Junction,195.5,17M9Yat27MdeAtdeAftdahe12wJb23ADcR,#c4e629
218,Mrs,Cassie,Prosek,8 Milwaukee Hill,168.2,1BBM76CvPyapNSvNSsq6ibxFWnqpRHutnc,#9e2b25
219,Mr,Kienan,Betancourt,8 Saint Paul Road,172.0,14hBAGnpJHuNDzvhonHuDHCX2ATd2Ch5Cr,#5305c5
220,Mrs,Ramona,Gotobed,71 Paget Street,177.3,1MWjTEZE1MGFpSJpbFHFMmh2Gwi2yUtao5,#bab37c
221,Ms,Raye,Hallard,004 Cordelia Parkway,170.1,1BCQ1N57PNbp9rZeQNt7zTsiZfYmQoAvtu,#fd7926
222,Dr,Elsinore,Sketch,988 Colorado Lane,177.2,18fgguZ2f4vYmWLtqoXuHFZ5GTCTYULEUu,#2210cc
223,Rev,Lolita,Sineath,60 Columbus Way,201.0,1Ha3kPkfiBmEe9ZWx5e4n134Fb4AsbuSYV,#52c4ee
224,,Xaviera,Prest,98413 Manitowish Parkway,168.9,1JvPyH78PF46nbpcovASJN4ZAGtJigNmiA,#2dfc62
225,Mr,Hortense,Cisco,,195.6,1KJ4JttZMbyXoJcPB4Pa7AR58Ynx4BEmZj,#5eb13e
226,Rev,Mariana,Coulsen,,188.7,129KsLQc6ZwTXAkCDUc9rK5Lr236SQcfzU,#620609
227,Dr,Brana,Wharby,,177.4,1BBmPGnW5rXG3zPiYwsoFiuqawDXqegyeG,#1b67c4
228,Dr,Brocky,Vanyakin,,203.9,12afQuGN1WVAa3XB8rKRrjy8qRD4zFradQ,#4020b7
229,Mr,Sylas,Gawkroge,250 Canary Point,183.8,1Lkd9wAtKPkmqJTaJgjkQH8KUqsiFTNfeR,#329d01
230,Mr,Iseabal,Slatford,1 Wayridge Point,193.2,16pZctHRGtBTnok1FqMDRQtmRh4mGk6DPE,#9006b9
231,Honorable,Albertina,Thairs,,203.8,1AozsX1S6WWJu1hunj7nmpqR2MomMbHQDD,#ab79c8
232,Ms,Sybille,Davidovic,93708 Vera Way,155.8,16qAyr1TuUW1V7z7BDAhNipyjsZ7KpGFGe,#f399a2
233,Ms,Merridie,Grevel,,,13i1h3Mubc6WszLtfZqhnkyh6bhbmTgTDp,#994a19
234,Ms,Adoree,Greydon,0785 Larry Trail,178.7,182iufFVVN9W6TDjZkb1Rq1JZBVTDkwFjh,#f62854
235,Mrs,Marlo,Laxon,5083 Mccormick Drive,159.3,1ADHgS4cXSF8jYSJbkxm7NPgUbxizdxNSs,#42dc2c
236,Mrs,Jed,Pimer,83 Elgar Plaza,158.8,15Sk5dEFH3N8kyXgYbC1SJSX9pVNEc38em,#c9623a
237,Rev,Cheston,Springall,16070 La Follette Plaza,166.1,1PxAGohYKEw92bUoQuhyEhyuF2btBVBUn5,#eedafd
238,Dr,Jerrie,Seiler,33987 Brown Drive,156.7,15kfFfgrcF6oi1kH97pWTX1SmsoiMd99GD,#9d2f30
239,Dr,Giovanni,Grishakov,05133 Bowman Trail,207.3,14fuztwiv6tVrz5CwZg5ZCb5JNGBouu36M,#0e717f
240,Mrs,Oran,Sadat,51 Maple Wood Point,163.0,1MHZm1rj4hNXaQprw2URW8advLdpB7HMiP,
241,Dr,Clemens,Ladson,20 Calypso Court,185.0,1AqdqWwYLyFoQUrt5pAi78wU9o9h63icmD,#42bfc4
242,Ms,Rubia,Leneham,200 Holmberg Circle,,1PUh7J6CR4eD2RfHyUX6WER4QQRkAt1FBX,#5ce818
243,Mr,Esmeralda,Wortt,,178.1,1BHLLVXUbPXBwZWSoZNg9usWrfNsiw4KGQ,#235054
244,Mrs,Wernher,Surgener,65 Jay Place,170.1,14mppyKPTFTVvCqAcuaFCJrgnPrsJw4GnJ,#d04078
245,Rev,Willi,Daulton,508 Macpherson Circle,206.2,1BygCP75ntymF2MxcXDsbo3v2uds7pd9Jc,#3fe103
246,Rev,Sunny,Ellerbeck,,209.6,1AJM8JayMQyFwGFE4BGjjPyjboqhrAVg7U,#58470d
247,Ms,Cordelia,Sylvaine,41 Burning Wood Place,198.0,1BgRQNq1e1mdXNtUHJighqT4zVUq34DAgP,#e34467
248,Mr,Harlen,Franceschelli,8 Mayfield Parkway,161.1,1FT2guzVF48GXohfh3N2QbekfxXqNuUsPQ,#fe7801
249,Honorable,Mabelle,Gawith,02681 Armistice Center,,1MRacng3LGZuYQf7BjLiDKmYCMdzv1VejS,#2718bf
250,Honorable,Silva,Plevin,,160.5,18o4uXXVf4hMq7orksDhqewrkpumydEZHY,#2b6e1f
251,Rev,Giraldo,Sangra,,181.5,12WLS9QEPfKhL2cgZNgPgefXW8ZfdcEFXB,#b545b1
252,Rev,Emile,Greave,,189.1,1GvcYWih4z7nwL7pPYLUjtMYVS6UJRQanA,#483b8d
253,Ms,Almeria,Scole,389 Dahle Court,207.9,1LZyts7TXoqRy7sLJatNkeMtYmbkvcK9U3,#4ca7ac
254,Rev,Rafferty,Dugall,56006 3rd Circle,204.7,1JUjPihmszfz7WELcjqYToJTRLdsoc8ynP,#c7cbb3
255,,Sallie,Babbe,,202.2,13WCEEkZ8Kb1NpcbXwxJ34TTVmvaVQxEi2,#f2fa1e
256,Dr,Coleman,Gaitone,,198.6,1JA5529rd4iDJtAM384S81pUAzBaW9rgjR,#de58c7
257,Mr,Jeannette,Nock,861 Bartillon Parkway,196.9,1BNWsvQRXFwnEvoeASF2wQbhLxTiEuvhJk,#d4f5f2
258,Honorable,Stearn,Pettett,8366 Kropf Terrace,164.2,154e2agg8yxDu5Cr5UXDTGUp7yyqbKyWXh,#3e97c9
259,Dr,Luigi,Osgarby,21 Eastlawn Crossing,168.2,1FAv7ErmqCdxju26beR2GU65YtosLDTirv,#7aef7d
260,Ms,Pammy,Ebertz,,162.5,12abTUZW53q6DGmR15Pneg4FvQDcE3uHCN,#0b4e37
261,Dr,Dusty,Getcliff,86818 Sunbrook Way,160.6,15XJERBvj1X9skkXTVtyacuKdhq4893APa,#b892a2
262,Honorable,Meris,Giuron,,206.1,1Erx5AoapojyQrpFEDHkYBLz16VbGR9QcF,#f8cc3b
263,Honorable,Margarethe,Burchess,9 Northwestern Junction,159.7,1Ahcphd7NvUWus3e21jkXzegkhFswgxvDE,#7ad153
264,Ms,Vikky,Sibley,90 High Crossing Hill,201.5,19uuVChdBXKEBtJZFqkdqbZFkWQWQV6yLZ,#420803
265,Dr,Johnny,Bauckham,29 Grover Plaza,199.4,1Hb7nwkFVLcFJvohcJAPWd4UptHkeCz8gW,#935316
266,Mr,Andres,Buckberry,5267 Raven Trail,208.2,17BrcHsnbjsL3ajcEY973LtEmFztaKfzwF,#b00571
267,Mr,Sissie,Benmore,23338 Glacier Hill Junction,206.4,1K6LyS5Gw7r3R7apZ8vKGKLTde2NtFAUAR,#920746
268,Honorable,Papageno,Tremblett,41144 Blue Bill Park Place,181.2,12LiWDRa1E67ZEqbcYqQ2gRm69VfH8A3gs,#514697
269,Mr,Ginnifer,Guly,79 Debra Way,176.1,185Z55pW2K2F5r3qMhKqpn6TSv4UB1Gf2x,#8b86ab
270,,Darlleen,Fosberry,0 Pleasure Trail,,17bjDKmANAH68M4pHrmiMTAQRSmEar6syg,#43e345
271,Mrs,Lillian,Woodburn,660 Pepper Wood Pass,163.7,1J5vbQTP99Bmn7dmPoVgMzP64b1XYLj59P,#38d94e
272,Ms,Dorry,Kingsnoad,21 Burning Wood Center,162.1,1JbdEjWrNhtJk7LnHmzy6HLyrELa5qzSR9,#aad701
273,Ms,Blythe,Sisselot,,165.7,1CvZk2SrbCdDfNVVYViXQXXo4aVWcUrCa5,#b3f6f2
274,Honorable,Aurie,Lehrahan,83 Cardinal Crossing,196.2,1HqBAWsEKk5AvcrhmP1M3XcbpNjGwZkwe5,#62b389
275,Ms,Lindy,Thewless,,189.0,143Ly5yTiNmjxu2p6wM6pm6qpKj8ekj1tY,#e34574
276,Ms,Carly,McGuinley,3 Welch Hill,159.9,185SMtJLrcgpCFNhoBeAZ8bvjUyxY8PLsw,#d0d2fa
277,Ms,Allan,McWard,,,1FoZhsdhmdN5trrZsjwQi6G8vpA8ibqx58,#6a1dfa
278,Ms,Briggs,Roswarne,40653 David Road,190.2,18KkMB11UdyuLYpCM4Q2wYnrkdamrtqkiA,#463bf6
279,Rev,Anestassia,Cazalet,98952 Mariners Cove Center,193.3,1Mdb3z2h8vSuAVQQJYsjckqNR8QQpVK9LB,#83f76c
280,Honorable,Hildagarde,Duffett,5818 Forest Run Road,168.5,1CysfTdNaKQfKBPMzmzmMDwxSpSaKjZvJ2,#e3a06f
281,Honorable,Myrtia,Youngs,65 Columbus Hill,163.7,1FNHWXjDRciUrRk6WWTa5SLQTCjJmTrdK,#b5683c
282,Honorable,Ethelin,Grishunin,9599 Kingsford Plaza,185.3,1MaYiytMtgHjzuQwYQJ14M3a49a1Ug11bz,#1f5051
283,,Cornela,Baldack,33284 Vahlen Court,193.5,12bb1Tn2nwmf86Spus5sStLuvzYqzMf6PH,#eeb1e2
284,Mr,Inness,Ashforth,,184.7,1HVto4DQk5wVLsAiPZnQXqfvP7hTu1q89N,#50e6a6
285,Dr,Galven,Nodin,4 Holy Cross Crossing,202.7,14h1fN8WCqDuGVACEyPDuATR2SuLivRoxe,#1cb69b
286,Honorable,Llywellyn,Conklin,0 Roth Park,,1GeCTcunHm5YgNq9EXdTsaNqJBnL1azeEU,#70cb21
287,Dr,Dion,Heake,428 Delladonna Junction,,1AefvToMcDxXyBzB47rSxEAz1Rria9P1N2,#cbb1f2
288,Rev,Tamma,Courtman,6 Cottonwood Avenue,182.8,1KGNaEPiy1mwbXreRRZ9dn7RcgMnc4dNzz,#554500
289,Dr,Ludovico,Markson,5 Sheridan Trail,176.2,12rrQbpw2gtGTxrhoQARJPNsAbeaw9BHT3,#11f332
290,Mrs,Garvin,Winterborne,,200.6,1KNYaVhZLff6HjguMhKMAoSNzoEY2BxnL2,#9c5820
291,,Ashley,Carrack,7 American Ash Circle,184.0,1MLwDHDPWksn94TU8AXsmfTyZVJ8x6UAqJ,#023727
292,Rev,Darell,Piken,02629 Carberry Parkway,,1Lc6pnXmZiQfoC46h3FdACNXZehGCzLEHW,#1adf79
293,Dr,Dell,Jenkerson,042 Parkside Terrace,,1MbsFVnNNx6WSWdKWXzKmUZQSsx4SDfGG3,#4b12c0
294,Ms,Ingrim,Veillard,,,1N8GVxvg5ebtybfyZYHxr472L7SDVHBkJ6,#2d63b1
295,Dr,Jesselyn,Blaxall,96720 Orin Center,161.0,1BWDsNfod3eeSVc7yVabtPzuFEbzkZeigx,#4bfd87
296,Mrs,Cymbre,Gallaway,40 Judy Way,163.6,1H3gaYikUEwZR6NJKsYAX6Ngef53uoUma3,#5c34a1
297,,Forbes,Charnley,682 Cordelia Alley,169.0,1BpRwnEmTdxD39iXAH5XreV71ALNy7gh3U,#ee1c0c
298,Ms,Shaylyn,Coghill,2 Eagan Junction,160.8,1KeMQE1vKjZyoxVr5wi96g59nqctSaLT5X,#c41c50
299,Dr,Allayne,Gosker,977 Cordelia Street,,1LP3cSn3LBZKWXj6PaUGWfrJ72XZjrRgfU,#4c9e32
300,Rev,Pinchas,Bordes,8628 Heffernan Way,206.0,1N3twCHQMaN4fHgMFSeZJypyhM8z4LGKSD,#2f0a40
301,Ms,Nathalia,Provost,2995 Carpenter Circle,157.9,1CZW9EgeYKJHYh9r2du2hPX8XXWXt7Bvmv,#80c2af
302,Dr,Ame,Thraves,90816 Lien Avenue,191.9,1LDgUECkdwErADXcZe4rzhKiJ3eFQQKbwK,#3933a0
303,Dr,Arleta,Elis,56092 Dovetail Terrace,,1PYC37RGyXsoTDvsBAcMnnoBCU4XiLwj3b,#64ab91
304,Rev,Christophe,Slight,75228 Commercial Court,,1PVSciCAupMzehndiw4gN1QAx4SCcdFXxR,#3f514b
305,Rev,Padriac,Farfalameev,69539 Bellgrove Court,179.8,1MKcqzDcfuwLopw7FxYjcR4HdA5a546x2V,#ec085e
306,Honorable,Chevy,McKeag,645 Superior Center,178.1,18PDyQe33C8xQ33nSTW7ydEPSdjMfm4gRZ,#283506
307,Honorable,Humfried,Scopyn,8762 Talmadge Point,199.3,1P5N66AN5CnwDD16wY4h2fNUT6Y1DkrHZQ,#72e5a6
308,Ms,Murry,Flowerden,1484 Sundown Alley,203.2,1FZALapbJVY2JMNdRH89juFK29R896xy47,#053e3c
309,Rev,Henriette,Garraway,72 Vera Road,176.9,12yULewVEJzH9XYbL7nKGkmi3raA4i451h,#3a3bc6
310,,Dredi,Prior,469 Bluejay Center,158.8,18BFmHpVZUVzmtA28zqPecXTZrUaUUc1N6,#fb07b2
311,Mrs,Sergei,Brundrett,427 Coleman Way,186.5,1JgJdqdS9xHDrjQpstyJ8oPUXNp25B8bWi,#d9f6f2
312,Ms,Caren,Torrejon,54 High Crossing Way,206.2,12VtPZRRfQgfRYmoxTWVyxW5BG9neRgVH2,#30e9c4
313,Mr,Elnora,Villar,,186.2,1BrxreZDMEWqzwCDHQyd6gdbNVjDsvNQzk,#8ee3ce
314,Dr,Laural,Soitoux,91 Sullivan Way,188.0,16zhGwshKoELLQrNvKSLgFSYN16bgny2gm,#6d8b94
315,Dr,Jaymie,Simkins,2 Mendota Plaza,173.0,1FHbkLaN4JcAcD33iRQvQ5Gdvwrdu7tXae,#447fc3
316,Ms,Arlen,Shewsmith,5 Springview Street,163.9,1B3bQCRYXBDK1os6DH42FD5ALhN9X6uLnB,#cba98a
317,,Maurise,Hatchell,24213 Sutherland Road,200.3,147SkGSpZpobqTMqXcBWbJw7snfKk97ijS,#2798d9
318,Mrs,Constancia,Stanlack,,196.9,1PtFyVbmo8fK5iyGwJdmiRCkg4oDvQjAa9,#8fe9e1
319,Mr,Daren,Quinevan,3 Evergreen Point,178.7,1DbEkjS1shwBD1qmZN1QDcd481kysqzjQD,#a236f6
320,Mrs,Walden,Loch,182 Hazelcrest Road,181.5,1CFohLUmAfAtj123hH4JrVL7UuTaWEjQpa,#5815a5
321,Rev,Nanci,Bachelor,593 Boyd Court,183.7,1E4vGcbzPHTTuUZm5GG4d86zu2EX9WFygF,#a04a9f
322,Honorable,Lazar,Skule,8 Old Shore Point,173.9,13jvRnLd7JGRNGrera1Q9iAuBQZwyxuJKo,#cef40a
323,Honorable,Kathi,Nias,6010 Corben Crossing,168.5,13SrgS6CfJn7AB7oTAmRxUKir4Lwu28hbP,#65671b
324,Ms,Rosalynd,Bresnahan,587 Packers Plaza,179.3,18N4G5YoX9dBTg8seK5rKnou3o6fPuoJoz,#55dfb5
325,Mrs,Julissa,Margrie,,162.8,17dFzgS7AffZi5W2WLVd9xqQYvUMZ85SBL,#0737ca
326,Rev,Damara,Geal,3 Algoma Street,162.5,1EyECHXj2kcZHWgfSnPQ1KNFhVAKCLXxM1,#b6516b
327,Ms,Cheryl,Gon,33 Fulton Road,171.4,1LuFxbN3ppy3zSEjt3Xe1XtjQDPGbTryhT,#d0607e
328,Rev,Darbie,Grieves,475 Homewood Crossing,168.9,15BG1MKBM7jm9gxahvYaCm4zHnbybCGABC,#bf0a9d
329,Ms,Lise,Caddies,68 Elmside Place,188.6,1KW48dyBKS3pdtHTyEeEpZfdteGMXXKJWj,#3abfa1
330,Honorable,Vanni,Forward,634 Corben Point,185.7,1CHXJCqHXyWL3f4DiRBJytT3D1wcYS35DH,#2a35ee
331,Honorable,Dimitry,O'Lahy,,157.1,1Q9d3j46Z8bkP6FZdungjBjuFoUm8us4J3,#83e9e3
332,Rev,Rena,Bettaney,8 Huxley Trail,177.6,19MtYogUrTKhFT315raNRLYu7XULEQn5JA,#e4a5db
333,Dr,Waylan,Guppy,,166.6,1Dq4JJeXFe7ZwT7qu7nrMARAqaCcsJbg4D,#a664bd
334,Dr,Briney,Timblett,43920 Bellgrove Circle,160.1,1A7e9w2MuJUbj7HbbfHFSRnAoGctTP8S9h,#b4af52
335,Mrs,Ignacius,Giovani,92947 Rockefeller Park,187.5,15ebpJNT5KJ2qTLwkuVQupnsQtz5J9oYtA,#b5a377
336,Rev,Barry,Catt,7936 Arapahoe Pass,201.1,1DZZx2hjbDbxy2ihaAkNTAA69TU4xRFFix,#e5b93a
337,Honorable,Selle,Cale,1 Fuller Place,191.5,15k8Cidu8vUKu3gCbCMaEUmPZwN5Aq6Aqv,#b73034
338,Mrs,Mikol,Marsters,887 Drewry Lane,180.0,1GPpgYFmPBUdHGzvT9FjjFxYzjefZrsbox,#7e0061
339,Mr,Lynda,Randall,,189.0,1LaHhS5T4RRzgb2dKffrNDVc91bp3BJFEy,#a144ef
340,Mr,Pavlov,Edlin,03 Kenwood Street,164.0,15xKyz8FXF8UxFEfSZ51yPtDph4u7t9nBL,#1ced77
341,Honorable,Blancha,Assel,7386 Quincy Circle,167.4,1EqBTyRvx5VLkJ5HyrLVwgB1UCvbru5J92,#58f51c
342,Honorable,Danyelle,Follet,,190.1,1E9GSsdaWobqYa7oJ1odSUZN5Fik4HS5mh,#2c5f82
343,Ms,Emeline,Dibsdale,2458 Golf View Alley,158.5,1EoD13EMxE3KKhHbsgCCSBwCHewxh9yKQA,#b7f881
344,Dr,Tatum,Almak,,181.7,121U428vBLMYM3fGqTqF2oDooij2qFcaHa,#8addde
345,Honorable,Viv,Kienzle,,173.1,1DtVPt2n7i2RYYqDdusqs9GijSBntviixY,#bdcba8
346,Mr,Jeanette,Gosnold,73689 Express Pass,190.2,1AotJQh5oEhb8WKSN494zJVfnrTa442o5r,#b75c97
347,Honorable,Carlee,Birwhistle,6078 Florence Park,200.1,12SexvjnbPRMrDxrUY8wccU7jK89Y2sEeG,#b73c1d
348,Mrs,Isobel,Moreing,1730 Schiller Park,183.7,18bUfujrxBi4iSskeiAGpciXuR5U77J7Md,#a0c029
349,,Mata,Aldersey,462 Cambridge Street,178.7,1EX4ZFPDEDuv7aqWAnpu9Xt48jL1HKQZ8i,#f5c24e
350,,Noam,Stoffels,7086 Golden Leaf Hill,207.1,16i55n5jUdKKTitFuDsVxjQrEsvzYMXWQv,#c619e5
351,Mr,Sloan,Hofer,89209 Arrowood Avenue,183.1,16eYgeWP9vPvPaypfYrh4ywMXt34dVGigs,#ce39b4
352,Ms,Hilary,Facher,,165.9,1PBSC5RjSZi5m5ZSRKPCRF2yVqrHapp2eA,#459f25
353,Mr,Englebert,Dore,67 New Castle Plaza,175.9,1Dd79Ei99Tq1EwJ5sni34uMX29nJQvnytB,#0e3a3f
354,Mr,Egor,McFarland,,192.4,14LSutzjd2NYCGzaMGZgUwsiufnsJjF6tX,#b5b0d3
355,Mr,Gian,Bartram,8637 Roth Avenue,199.4,1DKVe6tEDuj42aWZKMHFym6bTPkV7MCgJ4,#17c7b4
356,,Mildrid,Fleg,,196.1,1FSYoTKDiReKjG6R4qcoJp1w3iHYCfimQJ,#a5c0d7
357,Rev,Damaris,O'Beirne,95847 Pearson Point,199.2,1GrzLsAiwAu3fmzzRgtGhRxTE4kuBdTiqk,#8b482e
358,Rev,Zea,McCarlich,,187.1,18sHpGJMeUMAzQgNdDFsFg4e7wHrUmmjW7,#1f2d0f
359,Honorable,Derron,Taffurelli,316 Donald Crossing,209.8,1KK8CQFATaF7wM7NJo2prQtF8mLJ3v2Jwf,#ed241d
360,Dr,Stephen,Hendriks,358 Fordem Street,187.2,1NucdvL8vh9mTW8gMzQEbZSEhKiMntEFxt,#1e5460
361,Mr,Mireille,Grimstead,,157.3,1KDC3wvpnMGGZxCkcrEWh5Zz59bGgw6iwt,#b5ece6
362,Mrs,Neila,Treadgold,7159 Manufacturers Place,169.3,1LT7Se2jaAEXgNZRotiZBADJbgxVFMJKhj,#1c5187
363,Honorable,Cedric,Demanche,7125 Sundown Way,183.2,14dmcAuT2nDHEJdsH2BPWG2uwSy5f3yVRN,#b2290e
364,Mrs,Helene,Bellenie,1253 Autumn Leaf Pass,185.3,1JhfyNtzWG558V9fXy85LmfWERrRBm8WnR,#79de37
365,Ms,Eduard,Allkins,34394 Karstens Point,204.3,18H7SonTaf3P8PmXFBHHgtZF49Y3XUp5WF,#6b6f16
366,Mr,Ashly,Jindracek,,156.2,17dGkUiC7yzuu8CsNbtmxdvmjhZo9MdrKc,#ebeac6
367,Honorable,Myrwyn,Creenan,0788 Mcbride Point,192.3,1iJmUpMFkGrzsXanKrD63ku7jwcR9tdFH,
368,Mr,Corliss,Tuttiett,86 Warrior Plaza,195.0,18ERj6gCN5H2PSQkTqQGrMWSSzHKWNDBYz,#a69fa7
369,Rev,Nat,Quartley,,161.0,1B2mjk97Y6mzsGWb3m41aN8VyPaXUERfoH,#d30d0f
370,Dr,Rasla,Forte,74729 Becker Alley,199.1,16wkH3kNvjafMbRefiXdsLJynQrTiL8V6v,#4dcdc4
371,Dr,Neils,Silverman,912 Main Center,,1EswSqPWdefTBNPTKyMzrsctwDGuB4BtrX,#2efdd0
372,Dr,Talia,McCardle,245 Schurz Parkway,164.2,13WhzAdsWcpSMLsqEajvk9PpqmXgiba7d7,#fd9035
373,Dr,Peyton,Dunwoody,92417 Tomscot Way,190.9,1NeGDrGPjo7p8u8g2w3kdsiniCdQbUUKFR,#884cb9
374,Mrs,Brooke,Raffin,8094 International Place,167.1,1GdUXmY9GxtG3iRcb8MajrvkbwwALg9Q5b,#69f8c3
375,Dr,Bambie,Goulston,97 Pearson Crossing,201.4,1CB6HfXy6zPfJEfcp3mTkVcDeYWZhEk6gH,#c0c3ad
376,Dr,Chico,Matuszyk,891 Shasta Court,193.8,1PDiQFr24nsTkoY9N7v5JFbpdzGUJunair,#a98018
377,Mrs,Ward,McEllen,1 Judy Park,187.6,1Lh4paFzZScT6kDpWZTFtFRHUjm2esi71,#97a584
378,Dr,Waylin,Feares,7737 Marcy Drive,195.3,157VP3WeRfYptGiVZirefRxWmqZGSCa4YG,#725550
379,Rev,Gabriella,Midford,10 Loftsgordon Way,160.7,155jDCD4UnbE8Anx6BeQ4syRsLs7UmZ2cX,#a3fd7a
380,Honorable,Archibald,Forsey,5 Summerview Lane,181.7,19USGQ2W1BbCdutnpKLqakUf7iMjMKTfkS,#e330c7
381,Rev,Alisun,Rahill,68 Forest Terrace,168.8,12qvQvPVeL6wSMoeawE7eaNjtrvqkNbW1z,
382,Rev,Wynn,Ruff,44783 Thompson Point,194.6,1Az2bmUmHtfxhYTFW5jKsUkjjxiVfX6QZp,#c61311
383,Mr,Temp,Dawidowicz,2939 Fordem Hill,189.3,1ALVN3f17pJSTYvjFWhZCHySsdjpSU5voN,#f47f25
384,Rev,Sheridan,Godson,,164.3,1PfuruiKEuGvsH6VsLGN3TCpvJS6x2gdiL,#4801a5
385,Rev,Caryn,Sutherns,87146 Montana Place,198.6,1CQiZ4iWg2YJyZUkrjdgaysWoh4u2mim4N,#acd3b0
386,Mrs,Saleem,Eyres,522 Cody Circle,190.8,1PTAqrS3wyWERPEWvV8s5NqA5tnDupSQxD,#2be6e7
387,Rev,Barbey,Ogan,3432 Nobel Park,203.4,1J8ap86LqMexxwvFEYEiMkGx484oxw2rp3,#b66259
388,Honorable,Abdul,Ledwith,599 Londonderry Place,202.8,15VoQhyJhryq7mf1ffXsBhLYfAM8h75HVn,#765735
389,Dr,Melania,Raisher,,166.1,181xSMH8jF2QVoVY71CH34vNGXbvXK8FgP,#5f6608
390,Mrs,Valli,Gracewood,25 Birchwood Court,175.9,15NLAqzcPfNJs9UWZSixECC7SNLHbMzKtc,
391,Mrs,Nessie,Beneze,47 Hayes Street,207.5,1NWhs5n5L65o8CJ6yxegBCE6PzK7sN2Xqt,#0112f5
392,Honorable,Vittorio,Ruselin,8365 Warbler Avenue,,1NiuwsfTn7f9ccuWBv9CRoDqczzwHbNaYB,#ee20cc
393,Mrs,Adaline,Carlsson,4778 Acker Park,163.1,19J74uDvbhweQMAeoxiTbYBb6ZMc9t7HuC,#d0e6ae
394,Honorable,Margarete,Gandrich,,,1BhTuayjJBWwcmFDfBPYbewU17VgLqUdUU,#fe7481
395,Honorable,Ximenez,Duetschens,40080 Walton Road,167.9,1ACJpunp8FZiHD9S4NvcUiNSCF9VBqeohE,#b4eab4
396,Dr,Alanna,Cheverton,30 Dapin Terrace,182.5,14Z7oTruv3uoAoK8ZeG59yUDBK3gmrP2dV,#eff849
397,Honorable,Alejandrina,Clue,7163 Pearson Center,162.4,19Htj4CqRAb5trucSKimfbmzDeDqzcwj6A,#e2d917
398,Mrs,Brook,Classen,97658 Carey Parkway,183.0,1HSnF7Z7Dm9cmvztkxPS5NWVHzenR8PW3N,#1324c5
399,Dr,Marybelle,Briar,364 Loomis Drive,204.6,16EaVDsS8xAnkkqy2wrBrTYjygTX4dNiVF,#55a4c4
400,Mrs,Lexy,Toothill,,186.8,1469VwEfovc32tZkbGzYmE1W3QjFhvESnW,#47d255
401,Mrs,Latia,Winmill,692 Warrior Hill,191.3,1AyopjkGfszKxX5rTwYyQqP5AyDX9JdrQB,#8a9009
402,Mr,Charlotta,Swindlehurst,9470 3rd Place,192.3,1JZ1TsHteMp3JhFMH4gpLBTV9MirdbriUX,#d50f5e
403,,Anson,Haythorn,9506 Buell Pass,161.7,1GnPJb5orTtXpFV7cwqmt6d82yW9fzqava,#12c52a
404,Honorable,Margalo,Eddisforth,21583 Onsgard Crossing,165.7,1BeV8F78dvoxZAvAmSGWWG5nuzqURLFG4L,#d097ea
405,Ms,Dougy,Fonzo,0 Springs Place,206.6,1N3u6PCd4q4K6jaY2bNzSYktBE4FoezFTs,#e07933
406,Mr,Bar,Tuite,03 Mayfield Street,,1G8KGJPYeBkVq48SjCwFZBgNSTQyGvpLoj,#176355
407,Rev,Algernon,Siverns,09743 Quincy Point,168.3,1C4GKViMK9wf8gpAc8M5e5VngNJ6Q8qE15,#edb317
408,Rev,Hetti,Putton,,159.3,15c8qonUhWLqPBQ5gxTjNm2ToZQeoR4n98,#61e49e
409,,Larry,Kerwen,4 Colorado Parkway,,1156cTzauoDe68yUWsHwXzYRj3TaNHFByS,#8d3b04
410,Rev,Lockwood,Force,84 Artisan Parkway,199.3,1Mq9ECF4LLnbsViUoeZoCYR4yxZb7uNHp6,#a0a012
411,Rev,Jayme,Ewbanks,74 Clove Way,196.6,1PKkuHYNdVQCZYrkXbhWgMzzn6s4SYMcCj,#1c8cfa
412,Rev,Aurlie,Melloy,364 Shoshone Park,167.3,1Bts6kiaDCkPuqh95RXV23hXZrpBDGCf1Z,#cb0c51
413,Dr,Lavena,Martinot,03163 Kim Center,177.5,1A6x3KjEpRmKtyTKubTJpe8CKTLQLWX75G,#563dec
414,Honorable,Evelyn,Notton,,208.4,1CHTxBcsWWXE92MzdXpxB2McY3ung6cmKi,#cf6b2e
415,Honorable,Reyna,Halcro,5032 Holy Cross Plaza,197.1,1EHYLZhWWrT6CNU7nkCczXrNKvBVnCWLk2,#693fec
416,Mr,Ossie,Knutsen,21492 Stephen Terrace,180.9,1Bokc6qqShfTJH5LR2woUX8MeQ4DG87xAQ,#ad38ec
417,Honorable,Georgie,McCritichie,8599 Ilene Street,182.0,1Ax4VC6zdfeeML7ofJhektyWkHaCKNwV29,#f26ba0
418,Honorable,Elladine,Prynne,7125 Fuller Drive,173.9,1GoWRgKZmMMqYAwPncEWJG1cbnhKkkXksx,#66d005
419,,Christiane,Izkovicz,044 Harbort Plaza,,1DtHgSunoeNVHkSD91NFmZwqQXi8irfVtS,#37755a
420,Ms,Bertie,Helsdon,76 Memorial Place,196.9,1JRM46qMFRxbTgH2agupeCtKMAFJ8xTZRV,#4fbe54
421,Dr,Flossi,Vockings,22417 Hintze Park,172.0,1JML3usWrJCSYY1Q4Yfuhdo1uvopP3Gs77,#1241b4
422,Mr,Fulvia,O'Neil,5365 Granby Circle,178.9,1NXRLYTFmEwFMecWBjSepGZn6Qb9xZ3PdU,#109373
423,Dr,Dorelia,Blythe,8009 Colorado Terrace,209.8,16RvmKyKUhbobq85bLpBpUmubeM4JDhsFf,#a5462f
424,Ms,Guinna,Domaschke,1381 Packers Drive,174.3,1NEJ2FWDCEV2ohQgg6Fi3ca66yTQQBeA4j,#1f52c5
425,Honorable,Adamo,Billitteri,978 Hudson Drive,193.2,14FX9WbgxxyT3sHBFb6ivoKh6qS7NstGBF,#b97329
426,Ms,Gerta,Hanley,4 Westridge Hill,,1A1Uq1XRp6ba1ek3UBbkVS4THJGT5irqju,#b0bd4f
427,Dr,Salli,Gionettitti,25172 Clarendon Pass,192.3,1JbszX72agydQvxtQrVNkCo8Z9eJQFdsFK,#6810ff
428,Ms,Bethany,Clericoates,15 Village Green Terrace,,135zBM6xktsRR7SYpKLR66QyNNNMBG82ij,#4061fb
429,Mr,Geordie,Gowling,0 Brickson Park Court,190.2,19judrfXJLwfS3mvPuTtjEq28WCyEkXGam,#4eb06d
430,Mr,Lethia,Wloch,99257 Crownhardt Place,158.0,1A9bxjbxp4YdMhgnFC6b4rNidH1sFJfxfE,#396882
431,Dr,Hanan,Denty,54 Lerdahl Park,162.7,16ez2m1XxytajABio613VkXMxgqcRv7KtG,#6a63eb
432,Ms,Vanda,Caddock,,,1KLApAGGbFwKukV6s7GPtrFinN8bURQ3hi,#4a49ec
433,Mrs,Say,Odda,71 Memorial Alley,174.6,12Jks4ieAxTsekHyA3CfjHm9hn3KxdGxCn,#ea4cbe
434,Honorable,Dale,Turbayne,6 Fairfield Drive,203.6,1HwEU3AyiNEeYihQ9HvgwtA7PG7xfWKfv7,#fcad19
435,Dr,Maris,Dunbobin,52189 Lakewood Gardens Street,199.9,1LdgEnekLWpdf5s4gN74vCZTgmYPGqBj8p,#0f8867
436,Mr,Cesaro,Davidesco,34469 Main Center,178.3,1NvZmeTAMyX7XmKy3kNfVYbbkeQ3obi29s,#e4fd47
437,Dr,Robinetta,Sproson,90290 Holmberg Hill,168.2,1Pw6JTbEwoJLyMZFGTvJxSX9UY1hgh43wy,#1ed215
438,Mr,Tine,Iacovucci,37424 Spaight Point,159.4,17H4e9Y9x1vDmPkrMchTHub7frpHv73H7k,#376632
439,Mr,Datha,Lorenzetti,8 Vidon Point,175.8,1GxheTkcPrkYGBtwZacwHqbKrXfNfaFRXj,#7acaa3
440,Ms,Hannah,Oxtarby,6 Hooker Crossing,203.4,1CWqZtfRFb8H4JWaphBKv69QAtnZkSwTkm,#176ae1
441,Mrs,Chrissie,De Roberto,70533 Norway Maple Hill,,1G8bYoh94jzbApBbx9y4wPNotwiHk8K6cb,#b75546
442,,Richmound,Fidell,40 Boyd Crossing,174.2,1Cwrg2XCjkQaKy4E5BsSgt8oicFg7gjWFA,#23a101
443,Mr,Ileane,Grewer,,,1PAxV5YLim1syz1bNqDZyPZXSAkhkaYWwz,#02a09e
444,Rev,Athena,Hane,8 Eliot Point,,19pk7xQ14Vp4sKH3p5Xq2yVcnxXufP5B4h,#4496f8
445,Mrs,Kirk,Dinsell,8 Thompson Place,163.2,193kvfKTsqVdDJTae7iH5pTTiSMmgpNZba,#b1c0af
446,Ms,Farlay,Glavin,0001 Garrison Avenue,157.6,1A67pfksGmm5dgMZ5DszTGbhw5GUEFGRBY,#7c85ad
447,Mr,Rab,Mawdsley,0466 Sommers Road,196.7,17ShhusjuSJV4rYtkVVHXG4Cv7xhcHXgaf,
448,Ms,Kirby,Filippozzi,46480 3rd Plaza,200.8,14XoamMqc73hRwrUiRzxoPuGV7DhwjUhQR,#b14571
449,Rev,Tybi,Daintry,,174.1,1P2BWoPyjmDUfKySFTgyCFXXunDXi1AZdM,#5f97cb
450,Honorable,Aeriel,Soughton,88082 Loomis Place,157.2,1Av79MwWYBvEN23nHvqF7sEV63urQwmTSA,#1c9b9d
451,Mr,Ced,Clearley,03322 Steensland Point,,1CATK3eH7hJeeDh3oH1SC3PsmbdQiQfyXN,#1cb991
452,Honorable,Roddie,Graal,17 Lakewood Junction,163.2,1AYVjsLfwqWrk4d7VmgXynRUvJeFsogF22,#714e27
453,Dr,Gipsy,Geibel,6725 Walton Alley,209.4,1M9m7J4ffFHNAcY1MwFeraYVyVzUX7HNHQ,#1ee3bf
454,Rev,Shandee,Teague,99234 Karstens Street,204.7,17TPionY4JwG5YQrwFRAcCE6SU38eGdhzk,#ed9840
455,Mr,Karleen,Owbrick,,157.3,1JUG8paB78r5oD7589vZAiXxE6etzdzsLU,#038e54
456,,Hoyt,Dyer,829 Mesta Circle,190.1,1B8xZatUoy4wS3vS77ZuwQj2bPogLczmuY,#74b93a
457,Rev,Xymenes,Gallyon,90 Mayfield Place,162.8,1Lbsp2o8bBVXAUBPgNbLZ8AisV3XDLCBuZ,#fa5ca3
458,Dr,Ethe,Armstrong,6582 Mallard Drive,168.5,1D2VJa5dg9YJ7WYwi1pzxN8eWAKzcJj1sf,#c5eb63
459,Mrs,Layne,Norrey,94263 Harbort Terrace,179.2,19zr4rA5XcGwp2VWBPy45GqrS33V8egxiE,#a20bf5
460,Honorable,Reggie,Tenbrug,2 Miller Trail,173.9,1c19aYrLinDiRPbAJbdhJiSWRFHtRqTNS,#706081
461,Mrs,Sandy,Kilner,,,1LbgXhzcPZYwhbV8XqtEXMnv4eDCRQsqU3,#f58ef5
462,Ms,Daffie,Claussen,21 Kim Terrace,183.6,1HaCZQzAS9efejayqHgXiXnRmgJu5u9hg7,#d5fe59
463,Honorable,Benn,Heinrich,34 Gale Plaza,,17BtBYmrK6GwHayitNjf1KmiPSJW22AyR6,#cb7aec
464,Ms,Hyacinthe,Lighten,,176.2,1MvRrHmcHYwzWC8z1Wtrrr23VZ3L5Burwy,#7ce7b8
465,Mr,Jessy,Epple,,175.8,15GsLDnMEL9cCHASQKV5wufEQVFRZSzq9n,#3b512e
466,Rev,Clarinda,Wagenen,73 Badeau Parkway,171.6,13UidztcnXi57Uwi7tm3qmD7JFJvGkusRC,#298a04
467,Mrs,Jaquelyn,Krinks,57030 American Ash Court,174.3,1PbsQmB9U2sAmAHwn8vv5JgE5a59fsGWCd,#e7b836
468,Mrs,Nike,Winch,,,14sNtPiUTkznx7se8bVz5V2MQzbsVovBrB,#4c73b9
469,Rev,Edy,Hussy,,,17Lho2pj9hf857F3THNh2P7ZhXkB6d5a5D,#770e12
470,,Levin,Janowicz,,156.7,1MGj5mKgpt2NMdHQ4E2dSmxjxaerd6BLK,#4b25fd
471,Honorable,Alejandro,Nacey,79 Bunker Hill Hill,184.1,1EAVUh4FnoTm4Z8xz93W3xvkcVU9cHmiN,#e751b7
472,Mrs,Halsy,Simecek,06329 Scott Road,178.0,1Lidc6s5R94tqDrPGeEww9fq2qL4jMGhx4,#53e177
473,Mr,Nora,Lamball,,193.7,1165HxtsmsUw23s6jPbDQSERLxfETg3AQc,#1f5530
474,Honorable,Vergil,Villaron,43 Coolidge Place,166.4,1Dk4L6gotaDHkZMPe4cBBk7Jri5NxzvcVi,#c0bdc8
475,Ms,Winfred,Belt,487 Stephen Alley,180.9,1M7obSaHUoRPFCC2xseikkW9Qju51rkuGm,#58d7d8
476,Mrs,Lissa,Do Rosario,0 Huxley Court,187.6,1MBCeZZLebdzLn3ykMW3fpPWw16183sdsW,#6e88b5
477,Honorable,Tristam,McMeekin,84 Dwight Circle,,1LkmjtCWAuajVw9bQ3KkdKnjXhdvnKCbRK,#09d6f1
478,Mrs,Chrystal,Scrammage,78 Continental Lane,176.3,18VDvqUXRGyzNvuyXSJ5gpRKQ5rkKJUJRX,#95a481
479,Dr,Esteban,Yglesia,7 Arizona Terrace,157.5,1kWqqdxcDR2U7ooxdbdYKAsLxsa1SrXeP,#fd7dec
480,Dr,Lionel,Tokley,12901 Delaware Road,205.9,1Bw93az4HvbqTbDgGBCkykVuyFJsfKtiiM,#04466b
481,Mrs,Luce,Marvell,50 Arkansas Center,202.6,17tTCSasctcpWj46WdEfzdvmDSYff4Acfy,#808a02
482,Mr,Jonie,Vecard,26171 Tennessee Point,194.0,1ADbtenfNeFDX26wbHLn8AMNYWGMsuPHF8,#d12801
483,Mrs,Aubine,Pasby,0 Longview Crossing,203.7,1J9xTHYBijSE6q6gW3ijpSCXGE36Nb7h5M,#6bf997
484,Ms,Felicity,Mc Caughan,56 Sunnyside Pass,202.0,1N12ULV9btW7nVr6YsF98tcRrMFyvpxVAT,#c2deea
485,Ms,Bord,Hugh,4 Steensland Way,172.2,1FD9LHaPZSBrKM5DFCXFYyugAxLhqxeWwG,#61008d
486,,Jacinta,Andrichak,489 Grayhawk Court,199.1,1AEqHaPda3gsKdqjpxssDp8Pg3QBbsQBZU,#ac7a65
487,Mrs,Elston,Gribbon,1947 Reindahl Way,197.3,18pxgzLBXH3yYoFhh6AJYzAsqFSzT74F5T,#e7b5bb
488,Dr,Debee,Buglar,15 Bonner Circle,176.5,15iMMBmRtxU53zuTjLKbSBmRdPgjnsjCbo,#b191ea
489,Mr,Mallorie,Latchmore,12 Kings Place,,1MgLzC5huBjXa4DU45xMJKgnGwvygt8rJz,#883459
490,Mrs,Almira,Flintoft,836 Straubel Road,,1CH8un9AmSVBjSUvniKjE7sWkRyDW9zhHp,#7a0f2c
491,Rev,Kippar,Shalcras,8056 Vidon Avenue,196.6,1QFDHUXL51VYE8Y7uqtxg62JbHvc2HNLub,#21a560
492,Rev,Abbe,Scatchard,5727 Thackeray Road,161.2,17xhkJ99SH9P8b9W6Y2tAQPk751PiF2BGz,#11d16a
493,Honorable,Joane,Chesterton,,182.6,163ohbucyc3hhdRxyE3PVYt5huJxHrChE1,#20451b
494,Ms,Daron,Powton,023 Reindahl Terrace,,1LgWy3reuYUsNR5fe3XyMaUMXuL72bX7CY,#4ef227
495,,Mack,Juszczyk,834 Bowman Road,184.7,18TFHdtXEFNvmoU5MBVtApKZmSRVcAan7V,#76ff60
496,,Ulick,Teligin,,,1HGi9YWKdHjAg8r766Yik3k6utMdvVrcCp,#efa19e
497,Dr,Kerby,Deshorts,55 David Way,198.7,1Ef5qeWAeLrchqtLwxTg2USraEt1aY554t,#5d23e9
498,Mrs,Demetri,Ephgrave,4 Jay Plaza,203.5,1Meqwi4BwLormfEUZDLM4mbHaDEtVKqunb,#11e947
499,Honorable,Iseabal,Rawcliffe,00034 Granby Alley,166.5,1GJeEzyS2jYTUz4GV5rvndXE149iCg4jmW,#c7d7fc
500,Mrs,Deedee,Orae,,185.3,18za66nyAJjfo6zMrRBwp2Rs6bqxFXtmqE,#1c3ebf
501,Ms,Thain,Blodgett,1662 Crescent Oaks Hill,202.0,18eZJgUD7Ad4ZQf9H2TDnu3FFnNAoq4w4z,#5575f2
502,Rev,Lira,Borles,1966 Jackson Junction,188.6,1VNVsupMbVi3CYt1uJhfxPbuuajK6EJag,#38ba42
503,Honorable,Alejandrina,Deetch,793 Eagan Center,206.4,12nfftuk1cMcTh2xb9g7nvkcbVwoX9UcyX,#ce05d2
504,Mr,Elyn,Tuft,39037 Union Drive,201.9,1QHVWxoC9gZY5WKzRbiXq6SNdqsKm2Pzwp,#9ae34e
505,Honorable,Harald,O'Hagan,,182.8,1BWvp8zhV62ucwoZS8YUQ6KL3MRp2Hrc1T,#1bf056
506,Mrs,Danette,Earwicker,423 Moulton Point,181.1,1KjjYpZA5uKZFK9L9pEkeut5Utz6Jb9f4i,#ac995e
507,Rev,Waverly,Faltskog,488 Schurz Alley,175.1,12G1UXT7GSLvTcfvaf8u2qfsoPcYpmeMrR,#8ce3b5
508,Rev,Phineas,Titmuss,,202.8,1dXQVUPGcFynxTuh7rQBoMqo8riWEaZBy,#d2e491
509,Dr,Lesya,Sore,6 Paget Point,156.0,1PD5btNdr2wG1jSMSXh3ayGaxW9skqmuWg,#dbe6e2
510,Dr,Annette,Itschakov,24 Gerald Trail,201.4,18Tem2iLZ7yyxtzK7DndcPcqv87STF5Qur,#5cbae7
511,Dr,Ashley,Chedgey,9 South Court,198.5,15SFvjMpRURzbdrduh3VkukRdaxUqfUVsk,#6ff341
512,Mrs,Ban,Camings,,165.6,1USRH6QWjMBHYg8KeC3cmPBbXZiPyZD4A,#33d43d
513,Rev,Alaster,Heskey,189 Mandrake Point,181.3,1M87qHEJHpxbF4jQ8weLDyyXGMKXvSK3tb,#ba438c
514,Dr,Skipton,Luckings,14969 Daystar Crossing,182.0,1QKzrK2hX2ozo1xFLX1gxavwMd7F8jWN8c,#0b4304
515,Mr,Ansell,Greggs,8559 Loeprich Center,181.3,1LMAtQTbD25jxD8esUhN136rjAmMyrJp3a,#9403d5
516,Mrs,Brande,Austick,88015 Montana Point,196.0,1S4jE3xomwpvYbb2VsiK9rsXHx7Jr66py,#d90557
517,Ms,Esmaria,Kinsman,9337 Miller Hill,,14PbX1bPxyeMAaemX5UktWrQB9CpU85FLX,#70ed01
518,Mrs,Akim,Noirel,466 3rd Avenue,179.1,159QB19615vNcT8Mit6gKGhQPV5Ht642eb,#9bba58
519,Rev,Dalt,Lacroix,9 Mallory Circle,202.1,1HVrMgnfv5gJeeFtVToE6GXYzyuRrAMu7E,#bdb445
520,Mrs,Maye,Tarling,9 Northland Parkway,203.8,1DMUuJzhcnkhNFQPLcDPjPjZHJSVUVM273,#442933
521,Mr,Alfonse,Shrieve,8983 Di Loreto Avenue,188.0,1EgTVDpWCH31YkTdBCTCRH6bg6YWRovkzR,#86ca51
522,Mrs,Desmond,Casale,,194.8,1Gn376H3xTvRGGp7qQ1Gm3A1vcyX6xXLmF,#d25596
523,Dr,Abagael,Waghorn,306 Nobel Parkway,171.7,1H8gmBT6iDZcqFuz5U13kj79B5iw9wBZW5,#5b79b5
524,Dr,Agnella,Teers,0 Roxbury Crossing,165.6,1EqqdADNhDgE9Kvdg4mk6jqxHT7N23jmH7,#744662
525,Honorable,Krystyna,Cadagan,98713 Gina Street,,178gFvx7zPjryCB8yaVhf2pDk7wEcGvVg9,#2abed5
526,Dr,Rutherford,Panons,9776 Tomscot Junction,173.7,1NNnnzW1tAiKW7BNzg1Vdkop9rEcm1f9pf,#c584e5
527,Mr,Gipsy,Jays,8 Forest Run Junction,186.3,1MCtoSvB93q339SSws8HWM4FRpGPfsJmMb,#f2b2e8
528,Dr,Fey,Hagart,07 Colorado Center,182.3,1DDfm8ScJjJFo1FVh7nywZraftWuYZeBMs,#8b4054
529,,Alfreda,Dudney,,188.9,1AyKobJwgFp6HjVu7hAy2GABeCmjDZTRE2,#0fca9c
530,Ms,Roberto,O' Faherty,038 Ridgeway Street,185.3,1Hh7ChssrrcDXEWT2oW8ra552jY9DCcQkE,#24ca75
531,Rev,Eldon,De Bernardis,80 Haas Center,160.2,1LzdnCSHcjrZH7vx9yKHKKm9Rv4kn7DdPN,
532,Honorable,Bathsheba,Gouldie,63903 Forest Dale Road,202.0,1K9G3JLfppNPsJRDB9dGV9RBbYSr2eeV3W,#25db4b
533,Mrs,Spike,Hullah,,,13k93syNj1cUzcqTYNJVNgxZUHPKaDy91b,#e7e0bd
534,Rev,Dawn,Grcic,4449 Briar Crest Way,207.6,1CpN9BdpYcSSbJRTBUoam8gqTWj7mijeGk,#251b92
535,Mr,Maximo,Sinney,923 Gulseth Park,207.4,1PAkcLAodfLzJeDVBRNcMZuRzN3CAEXJHp,#0d42ee
536,Rev,Lucie,Anwell,,,1AuTu8vtsJ3Rbj14YWHFFJ6EZ7tB1iQyTg,#85b5ec
537,Dr,Betty,McKinnon,015 Hooker Parkway,193.2,16LcLzxHHYwoEMzvMJAdfZj4xEvPczVhjh,#fc1164
538,Honorable,Had,Learmount,59 Portage Plaza,183.5,1EergaxCkB3a7FAPwBXMnw23r8BfTkkoKe,#c74202
539,Honorable,Cori,Caplan,0629 David Plaza,177.0,1F65K3YNfwkNeJdM9o4BotPwhEeM6GaRjx,#4ee609
540,Mrs,Gwendolen,Rides,2406 Kipling Parkway,173.1,13QgCvGxbhdnFU23HNXhisSsqpS2RE86tH,#b87782
541,Ms,Laurene,Perulli,,169.2,1N3sJBCDCyWj3SPA3aAcJyn7Dgnn5Mo5LE,#a09069
542,Ms,Fayina,Goom,6679 Transport Avenue,187.6,14BJqw1ypVHUQwXYjfSpMXN8c3qdK8ef79,#cfe35b
543,Honorable,Tiffi,Crossan,,173.5,1PFJdsmstnAR4p8g5rJ3umhRdydoJvzNeM,#f564c3
544,Mr,Walther,Creber,911 Hallows Center,191.6,17ASsRgighCy9Qemz4jJVbBFfnxgqDWDfy,#56333f
545,Ms,Consuela,Bushill,25609 Starling Alley,178.4,18mfcorTAXr7wJAdWPKV2m7KvUJnYfjLh7,#fc8b19
546,Mr,Ringo,Agerskow,,163.9,1FTYdBU4avCiXg9N1X5wPEfCUTCtmWTqXu,#5bf7a4
547,Rev,Hedvig,De Bruyne,1062 Granby Way,197.9,1FTMZf4BXLKXX5Mu5BqV5hLN9Gf52HNFQo,#975b1d
548,Dr,Raymund,Vescovini,2376 Towne Crossing,167.3,1EvB2p57jBBEFim2mNY9cJz23aAjcV6GqL,#7baa36
549,Dr,Thaddeus,O'Shevlin,,184.5,1LCeqPHmCTZENKCY7qhCr5TnCcooUvnuXv,#323cdc
550,Honorable,Sampson,Barnewall,,180.8,13yS9Nhu77KXsz9V6ezEt7F9EQ1RFfQY5p,#ed043e
551,Mrs,Rozelle,Hulland,001 Fordem Crossing,199.0,1EfqS3MwhkGNdjCY1Y6UwEmjAyJgvvVF2a,#14fde4
552,Mr,Taddeusz,Bletsor,82513 Arrowood Pass,156.9,158WywYZxrozLDu1DPjD1KhvSm8arhx95H,#0189e1
553,Mrs,Antonetta,Columbine,560 Loftsgordon Road,,1PkiArEnKKVNAJhngjajUZCfowKte5zPiM,#70cce0
554,Mr,Demetria,Deluce,572 Alpine Trail,194.4,1DXzwgpdTnvp3jTznkAq1SaF6RbGRikhvn,#206548
555,Rev,Kally,Somerbell,8 Dottie Alley,,1MDE3aMGY392qr4M7dNXNRApaLpppVkzQ3,
556,,Oates,Lille,8 Starling Avenue,169.2,15PKvZApG5kopiKuj65h5FQHLGGZZWfHyw,#1b2a40
557,Dr,Barron,Danell,35 Maple Way,156.2,16WPLgfjrPGDeNcHjrSRdY8VSuwpVybCMT,#449c06
558,Honorable,Humfrid,Sprey,3 Mifflin Park,194.6,1DUuSyiMRBn9Ex2rTDAAsuJFHomSjJNu1d,#4af72c
559,Ms,Huey,Tures,253 Old Shore Court,199.3,1BF5f16u2mY3R2nRPNnFQLyra26RrsLi7t,#424c96
560,Mrs,Audy,Lewis,7 Mosinee Lane,163.2,1CTkborJZXbSwhc6HD9VYyDnzLrGk3X5Lr,#c8d0f1
561,Mrs,Gus,Fassman,58 Del Sol Crossing,206.9,1G69hibMfw34p2sUt6aj3eGL5Xawt8nMvS,#c0b252
562,Dr,Nate,Bubeer,40762 Lakewood Gardens Court,207.5,1DMdBTxTQkhXLh7zBb9tZxdqYV22DoNnwH,#1e16c7
563,Rev,Henry,McEachern,39 Glacier Hill Drive,207.2,19BrFM5TcupADyF2MVKMEsYPfoKmT5J67,#c523bf
564,Mr,Maude,Olenchenko,2 Sunfield Lane,194.1,1JWQib21k62hct7PbjU5cwVxTQQSsPrjSs,#d98f72
565,Ms,Rhona,Gooday,7 Bashford Street,200.1,1J5Tjddpmpj2QEFi42nK3v63T6rMrKB53R,#ea0e3e
566,Ms,Gunter,Spadollini,,169.8,1AU99z3XQyfQXJgZyi9iErWsrt3qySNqAc,#18cb61
567,Ms,Gaston,Birdfield,,209.2,1sbEEJvPaWMMZJXjXvrFqjemkiL29XB99,#3bd2e2
568,,Nessa,Gherarducci,37432 Bartelt Avenue,155.2,173ABcPcot4p7UE6xC1r5VetLzRk9tBvQx,#39338f
569,Mrs,Cosimo,Liverock,49 Ilene Trail,196.5,165Yp6V3FiHgq7a8noqrbwPffSoiz8T9KV,#cb6799
570,Mrs,Griff,Tonkinson,00 Fallview Way,190.3,1D2gAiSh7RcPV91JHkp8WvBqFwS3VUL7Ez,#deafc8
571,Rev,Winnie,Suett,,162.3,1DoXXQCAxeNfysSDeJKDSgzgN1W9pSDmWF,#ffcc75
572,Mr,Linet,Ricarde,87 Grim Avenue,182.8,12A4CVsJ4DS8GHjb7jXQgiiDyQx6r7pZMa,#f0b3d1
573,Mr,Ikey,Strover,2578 West Terrace,194.9,1Nj72tk6ytSv1P4VYVMnjZDtkRxLagYZqS,#96f5b6
574,Ms,Emilie,Lammers,192 Oakridge Pass,194.8,17gm5T4AFoGShmtkoQeqbaXR3FhJHbccU3,#103d74
575,Mrs,Thornton,Bough,,175.6,1LRpJncWFAB65AYoFQC67a8ovG54hf716D,#cc2170
576,,Florella,Easey,,160.9,134eDg5vwRw54w3FPAfKH8b9UGwAw16bmK,#9f00ad
577,Honorable,Engracia,Wabe,51 Talmadge Way,194.9,1FndAYwRTZLbqaD3pFeArZxfsdhjWdrnES,#2a1957
578,Mr,Rikki,Birkenhead,69 Mockingbird Plaza,,13VEjiiKYodFUym1FJhPAxZ4ic9GSVU98n,#f02656
579,Dr,Moise,Pipworth,33 Muir Crossing,206.8,1BdfdS2FSUuyHFdSsh3YKohU6VDfzw4XE3,#555863
580,Mrs,Carlos,Bailles,251 Village Avenue,198.9,1LzNHvEGrJfu84sSfDpyseGQHeXs6JqKyj,#214964
581,Mr,Wren,Ivashechkin,961 Northwestern Alley,168.9,1BYZSVmFdsAwgANgEhWrVdPqgrgvz96Nhh,#741aa6
582,Rev,Dick,Glazer,8 Ridgeway Drive,166.4,1CgbtTDxanS9kWJ47Ms471G98eu4brHpYQ,#a73da2
583,Mr,Caril,Allibon,92178 Maple Terrace,160.8,1MsxsKSYoB9mm8NaCJqj8hPAL3N88R7CTj,#9ada9c
584,Mr,Shurlocke,Sainsberry,529 Di Loreto Road,165.0,1CajYpUU5iWptzxZucF64rfNkRgbvj8skV,#4d3cc2
585,Ms,Jacynth,Jouanny,441 Village Pass,155.0,1EQUGrFKtCMfY4gkMKkHH98HQ3YZXUoPqN,#ede44e
586,Ms,Hernando,Lentsch,67989 Kinsman Alley,162.0,1GeZ3cu8xiNXz8UjgjQ1Uz2BzG6TAEpnos,#a87748
587,Mr,Helenelizabeth,Eminson,9248 Esker Point,174.6,1J9CT2HW9eiXCTzsngTPLn8JU4zTeowuyA,#d6432d
588,Mrs,Jeannette,Hardwidge,,183.3,1Q3b8Uho3LZjEDstyPM7i7C3axRFbeDWWV,#72a321
589,Ms,Ambrosius,Bridgwater,2045 Park Meadow Street,206.4,1KmUWcVn5EkwmvyNj35icTqTuwP9LoKqFB,#069259
590,Mr,Catlin,Mouse,7 Summit Hill,155.1,1Db85mPiin273Nm7AtnLKNj46R678dp3hN,#c538ee
591,Rev,Jason,Eacott,,195.2,1LyFV47M35Q83yrjCtWnJo5sUUJenXAtFZ,#ae3feb
592,Dr,Lilian,Henaughan,3 Eggendart Circle,158.0,18vz1EHf6xcBPm6mW1RnniFN9ruTWgT8vT,#af92c4
593,,Oliviero,D'Elias,49 Wayridge Crossing,180.5,1EDSQY3gf4QWDteSheYCxoZV5trUrkGupz,#ef5617
594,Honorable,Ardith,Eilhersen,,202.7,15Q9YH75APuj6U8G6UFXao36j7nhhyeSfk,#dfcf0a
595,Mr,Gipsy,Downham,2 Elmside Pass,187.1,1NcYXhWxbm9Tm8q1T1a3bEFBtbXhtTK8Tk,#51905a
596,Mr,Temp,McAlester,950 Westerfield Trail,161.4,16Ui82rw4hLyy55ok6RP9AjX7MbMAaDBgG,#89e4e2
597,Mr,Ernest,Antecki,,180.1,1FRnsKTmE27rU6jBocei1vYRPUsRbkafUP,#32f94f
598,,Clio,Chewter,5551 Kings Plaza,202.4,1MMgLhgwCVfJ3Szzdqbp8gYPAEEnMkxfLM,#70116a
599,Ms,June,Batte,,193.3,1EvcAy6ypegPdodRrCg1h8PczWoKNaMMxa,#47f191
600,Dr,Parry,Braunds,1 Mcguire Center,155.9,1BMCfWgQKPz3rePm9VbmyPWqeg4me1bLT2,#e9b263
601,Honorable,Ximenes,Hamlett,71 Dorton Court,168.4,1541pDq7XcKHeEYKkCLFraDynP1jmdBo8J,#66b8d7
602,Ms,Ashby,Argabrite,251 Spenser Way,160.1,15GujFVatHTcKAHLqEv7R33H67YTyu7UEg,#ba7264
603,Ms,Faulkner,Denley,75808 Bobwhite Avenue,182.9,1JbApNEBpvbVmqRQYwDUbkXvHHYtcEfEj6,#c60832
604,Rev,Kipper,Scamaden,071 Schurz Park,196.8,1ANzLAuxqPosz5kjofma7zJoNYHfxVrMar,#1ee494
605,Rev,Torre,Corby,41221 Laurel Lane,157.4,1NsKxgFyrzZ24z175QoBbrhx7MD6V6qNba,#fff8ea
606,Honorable,Glenden,Guidetti,,197.6,1CtyC3PqmrEvnWDWMYXbxDtVJvUk6VaARy,#22aaa4
607,Rev,Aida,Leagas,,157.4,17ZJ3kQqwx7tZmgcAv1fsxJfQbxeUpASsN,#fdca79
608,Mrs,Darb,Gorcke,46 Arapahoe Terrace,175.5,1K9KuJThtDSAKcU4XaE8hbJQxvDJFPRYPa,#d8f1c1
609,Honorable,Allis,Izachik,23889 Barby Way,178.8,1DKvV1qH2Ew6mAtRvxiok3kzkfCr3FyMMt,#2f4e52
610,Dr,Mackenzie,Bolan,864 Nelson Road,200.0,1NGLwLZjAaDb4D4EirYHij8zT8P6NetRg4,#27ef03
611,Ms,Alonzo,Tathacott,,183.6,1KArntX8T6jxQmDAM4Fby1K13nYyUXsfoP,#57a916
612,Mr,Iggie,Vedenichev,4398 Sloan Parkway,184.0,1KtQErzumv48h6wtutHNEQxfyZXTSgtb6N,#9f0709
613,Honorable,Tess,Colbert,8 Jenna Terrace,166.2,17zxpTRYgNJ87igYDyMjdbcJCEWjiwobvC,#4727a7
614,Rev,Eunice,Fetherby,1 Nevada Court,170.2,18qdPsZTFVzbNaDYApirNFyg5Sb4YLUgyz,#4f5594
615,Ms,Edgardo,Francescuzzi,819 Glendale Place,202.8,1Lg4PPzbKQ4WNBpRLbHr1UTVqUJD6YGcVE,#7b74ff
616,Rev,Nicolis,Luberti,7 Muir Trail,178.8,1J2FKb9CFRg7x35HBgPWTpNncMdpbMK8yV,#2f64a3
617,Honorable,Auria,Bernath,5 Boyd Alley,160.4,149iHyFBYyJgRQzvGRdHsZNDDmyiKmciJN,#182589
618,Rev,Queenie,Hardeman,23 Mcbride Hill,158.7,1HGxXPw3vsPLQuvkAU1SwasfvuGwmnh773,#7a506f
619,Ms,Dianna,Shields,9661 Maple Wood Way,160.4,17rxjGFSgXkfTNTVm2TVoghvvgAM4RZEYt,#a9df06
620,Honorable,Rafi,Duckitt,,175.4,1N5bLj3cV61EzTPqWXyC8cHCeUi8oPYuKp,#c3d3a7
621,Mr,Deloria,Stranieri,66 Darwin Point,174.1,1M489wDnZC4hpegQHuEbSBUJ4TdVSRwW3K,#b922ea
622,Mr,Gaspard,Stable,989 Main Trail,200.2,1Gfoe4dks4cbPv1531pXunw8zoaWDWnLHo,#de36c0
623,Rev,Davis,Pitcaithly,,202.9,1DTrqTkT5YvAPHQip9AH2RBzNDyuHJxobA,#4376be
624,Mrs,Guglielmo,Bilbie,28111 Loftsgordon Road,191.8,16axBNsp1K9Pfq3UHRdfmfsWGqRHd1YkFY,#944c95
625,Rev,Wilmer,Heather,9 Warrior Street,181.4,1ABDEo677Ctq3GF39dQ4W8jfe5HoZBKxxo,#147d09
626,Rev,Dare,Larvor,1 Lerdahl Point,165.0,1vT26KVq7Am8NTKcdw3cxtZoZcM8w6CJy,#b22479
627,Ms,Brand,Byfield,5 Michigan Terrace,195.0,12Hn1RfWF2Cb7QP3AeDnSFKoTEvC3sbbh3,#ab1fc2
628,Rev,Shirl,McDonogh,,170.3,1u5KQi77fEpitU1SazkXwjC5pxJiqvxoq,#5857cc
629,Dr,Wit,Blagden,2806 Old Gate Pass,177.1,1LtU7jfBW2mYV6ncGBvFSGkorBoG35ybC4,#2420a1
630,Mr,Derick,Lalonde,367 Fieldstone Junction,177.7,13ptZ4aV9zgJuzxKpKnqdDm18rbm4KRWBg,#dc3775
631,Honorable,Lanie,Carbett,0 4th Point,193.5,1BxpH7RB92xhDP8s5gDezuZThC6325Q2Nk,#5dfee8
632,Rev,Lemar,Daintith,9 Northfield Alley,180.2,1H58G91krEr8ZUy3TDwMHy5EVA9prT29EG,#6af211
633,Mr,Heinrik,Langley,1 Aberg Crossing,167.5,1BQAJKRNcnF9DF8fVkwTiXCJDJzMkjoHQq,#29d7da
634,,Arturo,Fugere,91145 Golf Terrace,,1C8EHbVdN2vW5HQfiEdZd2zQcYLxgEcJe4,#66286e
635,Rev,Haleigh,Ketch,63 Gerald Point,195.6,16osD8n4WFDLrNWUyAPr83MC14m3D8BMHq,#cc23e4
636,Rev,Onofredo,Dotterill,27252 Longview Road,185.5,1BVyxyTnvmmQFJedpHd5v8cypYrs9V1ZML,#61e45a
637,Ms,Ertha,Webermann,288 Superior Pass,,17WMHnHPaSh4WxPgaQwcLXkLk7rsvFxrRS,#d6f16d
638,Mr,Yurik,Longmate,06 Gateway Pass,170.7,18vebMa4zFX6FbVaHDemsG99AGS9tJzqPb,#4b2090
639,Mrs,Ezequiel,Moorton,,209.0,1Nai11TzVEjo4gyhSBJNpuamQYrS5yL6Yx,#7a8cb9
640,Dr,Cordelia,Yaus,11657 Macpherson Place,195.5,1BvwU23arBWxYBMztcffF9rH5pNjqZrr4e,#9e6c04
641,Mrs,Rivy,Baggiani,1 Sunfield Court,,1LdUnqkh3LkHQhrwTF2veDuKeY8rWG9HwS,#96e6ae
642,Mr,Cyndia,Chaney,0 Green Circle,182.0,17TPnnAjuhh3Ar2rsGJHPXBsRsNA2jzGy2,#d59c02
643,Dr,Staffard,Hutley,163 Kenwood Way,202.5,1Hxx6gtpXFkcacyKG7fQ4sQUkytbAoBf7h,#c315be
644,Honorable,Justinian,Fillery,68814 Glendale Street,185.5,146PMmULcUsbvWacarSrXUumWicKe2rZY1,#5eaec6
645,Honorable,Bethanne,Welds,6 Corben Alley,206.1,16zCZhZKUp1MQhFP1KqwBWcAGs84V8nqGH,#e054dc
646,Honorable,Llywellyn,Tedahl,,,12Y5c4WNaGHn6gjT6ESjiahyByMYLGh8PC,#c13856
647,Mrs,Dani,Pudden,201 Mcbride Junction,192.8,1eQTMracxkQiec1znDKTNz9xBgwP6jZNH,#3850b4
648,Mrs,Justinn,Scard,85781 Holmberg Alley,203.9,1CyGzfryEPidnVDKfpzncckbbQT4CBwUZn,#ba5e92
649,Ms,Ajay,Wilstead,85 Westridge Lane,170.3,1MqVVwz9u7HRrvVLqHZSAM6phqzMGjUiGh,
650,,John,McLuckie,,189.2,1NTWcw9qZ414oLbnVkEWjJGLqnxL2awxqA,#9e1b72
651,Dr,Jessica,Belderson,2 Dexter Trail,197.4,1LP3u4k3Pzgm9uuR4qrjh17aS3c2biuyGm,#d5ceb1
652,Mr,Helaina,Habbema,1 Village Point,195.1,1JdnfeTFcHLyeQeRcs5WUQckKJ8bAGQgbE,#bef8a7
653,Mr,Wini,Checklin,1 Lawn Alley,177.8,11ZhBcuPHpCUgdHUNLX1QdGEkM6NpSjiW,#1ab618
654,Rev,Barthel,Desantis,01544 Shopko Hill,207.0,1DYZC7c9uZc5kebHUuqzXggJaDeMrZoxrd,#8861f8
655,Rev,Margeaux,Petrowsky,7293 Comanche Street,178.1,1AfMZsgoZbpKKxjA6MBLjGbQZXTuQCbvHe,#45a1cb
656,Mrs,Darren,Kose,0 Burrows Lane,,15vRVsdtwKYQnkf9u7QWYzzXNnvrYQMGn8,#561337
657,Rev,Lotte,Venny,38665 Northfield Plaza,183.3,1MW6SoDerSdJvmNn8fHRd5e3kDzGAzaNA2,#82b539
658,Mrs,Sue,Gile,86646 Artisan Hill,175.8,1BWgskLBhMBn4RgVznRU3KgpJ2GD5PCmzm,#b9be92
659,Dr,Alick,Leavesley,6 Burning Wood Circle,,1Cm7zNG6h7qTgZCBasB6czTSyHQfUjsbgH,#a6f30f
660,Dr,Kelley,Beagrie,5 Daystar Way,166.2,1HZhSX84cbL9szMbS2RRU3RDimDax3ksNJ,#c6a1d9
661,Ms,Andre,Logesdale,6397 Drewry Street,182.3,1G1n55Gr999k9vrPpYHexiZ5dWCbBpd4aw,#7cc0c9
662,,Wright,Quartermain,1610 Swallow Court,168.4,1JpMWM2SgUggSFwyKF5fHc8P4RvtujwVPj,#f31d7d
663,Honorable,Jasper,Tamplin,00 Esch Drive,179.1,1KCsLMhdRQUsSz25Ska84oUR1gXBVRdFPJ,#411cb6
664,Mr,Jillayne,Ruprich,73 Bluestem Drive,178.4,16n8id3YPnHffafwmWuBBMMGKkESy1DE7s,#581cc3
665,Mr,Pauline,Longlands,,208.3,1JyocUvVJqUHUiUTYebzN3QJ1fLng1D3Ui,#7c9abf
666,Mrs,Alasteir,Fisby,854 Fordem Way,169.7,19C3juew61uJfQdPTLfxUfTHyufJS93atd,#4d2cd7
667,Dr,Pattie,Morhall,92400 Sunnyside Place,205.4,1KsFQvqoAXw3Zn6jPj7JQs2GXP4fnYgFnX,#4c93be
668,Honorable,Pooh,Ellicott,1759 Melvin Point,189.6,1JP7kaMiWwdro9SbkcoSHTLXcjJWmf6KcH,#294b86
669,Dr,Gallard,Edwick,42 Namekagon Terrace,165.8,1EXEqgvbWZadGihBeZJ683uRsyQJd1ok7T,#774797
670,Dr,Gabrielle,McConville,3 Leroy Hill,199.4,1FbZcN3rHgwB8GDzdfexamoBtAKpsMsA2k,#05de3e
671,Mr,Tarrance,Gilphillan,,181.9,1FBbnTxzxDAc7qAjCJ8j2bjWjjbXmYjc6j,#7c0492
672,Rev,Ardisj,Giacomello,74386 Ruskin Avenue,171.5,17Rc4De7qMYvaz3zcAr8oeimmVgNDfTqZL,#1d932c
673,Honorable,Juanita,Dunstan,77715 Basil Drive,194.4,1CzZPoWFwbAsR2RXFAn2bg3Z4THPXWzjEi,#bbabde
674,Mrs,Mort,Ferraro,25 Northridge Center,182.7,115xzsijGkM2kL87AzEJ4jZLUSddChztCa,#dfea0a
675,,Abbie,Sweeny,02 Utah Way,201.0,1PvnbRw9BLmruMseYYuG76UUHVpHA1deFr,#343799
676,Honorable,Keelia,Hartop,6724 Dixon Crossing,171.1,1PVnPds6Rz3sbafLsZZ5J8NuBD6BekCASV,#2b8787
677,Rev,Millard,Gibbeson,373 Mockingbird Avenue,172.9,194FKTXWy5ewAs1FABXipMQzfKGzTNwZkk,#235a49
678,Mr,Dana,Stokoe,,198.3,1LGy2j2vgs8CnTMgJBEaEaux3v9zxncsZJ,#a1e7bc
679,Mrs,Riccardo,Betteson,03 Messerschmidt Center,180.5,14zDNEJAkxWivUtnoPZsxapvg3182SDmEv,#ecdff0
680,Mrs,Alexandro,Cella,24611 Sage Lane,,1Bdxasv6JbjpwjLgtdhjRaUAMo5XXVdXLe,#b837da
681,Mr,Weber,Flatt,4 Rutledge Junction,182.1,1HuonDfm7SRPHC7Aw14J1De83orbZvozyk,#99ec2f
682,Honorable,Katleen,Dugood,428 Meadow Vale Pass,182.8,17jogt7cp114w2nWjsUyrXjQSfdSfwxVRc,#737860
683,Mrs,Anne-corinne,Greathead,4 Iowa Parkway,188.1,18LrSXPVEd9EGsRFZQmqQwwL7VCjwZp7Rk,#0b2ac3
684,Dr,Haskel,Chavez,22847 Granby Parkway,201.7,1M8AWBN5TxAKYoGMNgsJ2hQTMRyRDj3rSi,#e5539e
685,Dr,Garek,Kohlert,643 Lillian Drive,168.1,13q3Wdv6ny7mUZyNa46uD6K9c7VkwuUKQi,#298fbd
686,Dr,Sunny,Bebbington,,208.5,1DtLTWXnjSXfhwd1A7oDh9Lz8LMvHRXeS1,#6c3c18
687,Mr,Demetris,Whitton,97 Brickson Park Street,205.2,18uYAHRrHGwxXJViqQw1utEbFtmyxbiNwi,#b6dc26
688,Ms,Mollie,Chastenet,6662 Miller Way,,1CMtfKDsn1W8jsnHjcHbFd9iVD3bmChugQ,#23cd02
689,Dr,Bendite,Durkin,962 New Castle Place,210.0,161RoQCtSGsK5AyDLBGx1G7JagXCzYGgGs,#760400
690,Ms,Matthew,Lissandrini,3188 Esch Circle,203.4,13dFexfsETbXtt4zoghKwZTpp7jMofcmRb,#3d6059
691,Dr,Bent,Chezelle,7 Glendale Drive,199.3,1QHyhhtBPgn23E4smMJvk3QaAGcEGZnr7M,#531577
692,Mrs,Albrecht,Headan,02699 Dawn Junction,208.2,18f4d6mD6b7kFCNJrhCZDL3xUcSb4Zo1Q3,#ae1887
693,Mrs,Cash,Redan,687 Lerdahl Plaza,185.9,1xofhELDTztLvDCkLuHgJfTrLctRP2qpt,#749444
694,,Kassi,Swyndley,,178.0,14bGk2pFGh8CpRRCQJ9LT7Q1SUw6Wv7u62,#49ac06
695,Honorable,Morgana,Pledge,7499 Canary Street,194.6,13s8NWmogb9EnTwZX87ApyF161153UEYds,#62fca8
696,Mr,Archibold,McFadin,55392 Leroy Point,179.9,1H3fGdHQU3TvjMGvEtrxApqtTdKxFRKHSk,#631485
697,Mrs,Kiah,Aloshechkin,51 Oxford Court,198.6,1NhNqf5xoaKDtm4MuozFeEJEnC9Ssgub3o,
698,Mr,Lurleen,Venditto,381 Nevada Terrace,197.4,12GB7X3kjvpdeEbYG79ko3aKwW9qY6RJtK,#0110b3
699,Mrs,Bastian,Raddin,6077 Mcbride Lane,209.5,1L6MnMW7KgVRnNrWjbNbnA15yEyrbR9uTC,#72c8d4
700,Dr,Brewster,Menel,5383 Buhler Park,199.6,1MvEhBpPXGK4TUjKWsasd1AbSrA1C6kQ7j,#851bac
701,Mrs,Julian,Vigne,59713 Anderson Alley,,1DaZF1RdcX2L6muY68YJmeF7wnaDndSZBR,#2142e1
702,Mr,Elva,Buick,59552 Pine View Avenue,190.4,1L74xkXPxHNAUnCYDzmmteGM5GLULRUEWc,#59c31d
703,Honorable,Margarethe,Longmead,83 Lien Junction,201.5,1JYcvMn7fgr1KJxxT9cgSmhY96f8C8qJna,#03f72e
704,Mrs,Mitchel,Puckrin,646 Pine View Point,183.2,1FBKJm4ZmayXfipDBYdKucRYzeBMTch9AC,#5140d3
705,Rev,Jodee,Brolechan,436 Coleman Junction,156.7,15Yi6EXuUTAs1zqUtVzLyWZQtzRqtJ9iuY,#1301e5
706,Mr,Jessamine,Kardos-Stowe,32879 Sunbrook Park,,1Gtn8To5nD1j9gvFxeqDcGvKUbGmHm5A7i,
707,Mr,Nial,Fontell,51 Morningstar Junction,176.5,1FZ9dhoxZxB5QFQ7R5z8KTEisqt4n4PpVW,#aa157a
708,Ms,Ezmeralda,Huke,140 Chive Lane,155.8,1D7oQQrBVbuZhAkyFUin23PfM7WwfM1F2z,#3a4a27
709,Dr,Ceciley,Comello,,204.5,19V423BB5nRZN697H6TyLURd4gyvY4a5QT,
710,Rev,Mina,Groombridge,0 Corscot Trail,192.1,1GDrb4x4ihotUzAJDmm3ZQ12QBun5RPSc7,#6ba503
711,Mr,Eugine,Zima,50 Northwestern Center,166.0,1Noe9qYkWVY5BPLKC7Szv15B6U2oDsvArc,#838ac2
712,Rev,Jeffry,Haimes,8506 Eagle Crest Hill,166.5,1LsyUCVDfyatc4qw2qHfMBrruxxwE49C2i,#1eeaca
713,Rev,Karlyn,Hover,6 Jackson Park,190.2,1Q8Q6oGKKjP8CFeFUbF9eve5DGd6EYowUH,#07c532
714,,Olia,Wisam,34098 High Crossing Road,191.6,1Jss6qp4JJQmJU4ifWFFfSVzSz7ajwZuz4,#f265b5
715,Dr,Markus,Cheng,58241 Mcguire Place,198.8,14eLA7n4AgVKVBWn2NYxNFviAfpCHoxzmr,#6a4389
716,Honorable,Orv,Prew,84 Veith Alley,175.8,13aZz9iBzMUqgXJaHbnjuhPuu1of6VfX11,#67a7b2
717,Mrs,Maiga,Wardale,7 Randy Center,202.8,12Xj2sGpdRwVHRrBRi3N3avaYpSLaZx9k4,#b9648b
718,Mr,Rutger,Ellson,26 Maywood Point,,1NAJDUG3LbcSEPHXtT5C4KnLzqxSdbvcUf,#836b98
719,Ms,Tonye,Goodrick,4 Northview Pass,190.5,1Q3TDmrouvXdKCY78U8ri9gN67foC8ngLb,#f5fc02
720,Honorable,Nils,Franke,65102 Hollow Ridge Road,164.1,1FzkskukBQvtHLbRsgjGisxJM7QKRkrBTA,#91c445
721,Rev,Rafaela,Gilmartin,9 Sutherland Street,157.3,1ERUxP2c1jvmA3GFJpCuPU3RYhwRfQsHQU,#db8989
722,Dr,Katinka,Mathan,4943 Thackeray Alley,159.9,1EHq9VdA9s5ydy7CJcRbEXKjg6HheLLo8m,#973c67
723,Mr,Nikolos,Rawle,68 Pond Junction,160.9,16op6sNwz88vwoR5zH8bLH1FS1XinFZ63N,#948004
724,Honorable,Reinald,Blackie,121 Scofield Place,185.5,1Ex8mNiYFFVNYydjFX91yJEoR81YDNHhCL,#2e333a
725,Rev,Caesar,Conyers,98176 Delladonna Place,186.4,1MC39hTJxoPaF9nSqAALkqKGxRKZ8Asg3o,#d187bc
726,Mrs,Boot,Jarad,,190.5,1D7oHbVF7bUUzU8A4FrokpJkQhnqRFgnyj,#3ebf52
727,Mr,Cami,Warcop,1188 Burning Wood Drive,191.8,16LcHCrmNtYToTqK6edh8EJzUFck1MRnUg,#2bcadf
728,Rev,Bron,Durn,,206.9,15n5C7BrJXCQjDHRixDyP6fvKgaWndUEu3,#c16e58
729,Mrs,Sherilyn,Follit,75958 Troy Crossing,179.7,1GuxPnKj1Hhgcw6KcraZNutxDxkEPsTMRo,#147f00
730,Dr,Galina,Van de Velde,5 Blackbird Pass,206.3,1CiyzeD3AASCSmVftHzWGWEqMpePBdJRc,#b1ed29
731,Dr,Ilaire,Turville,3875 Warrior Terrace,173.6,1EFushwg3A5oP2hANJwRwRNULW9HSbTKmB,#e1ff1a
732,Rev,Brucie,Newlands,,172.7,1PqFF2EWdzZCPVxkCwGBe94kLDqDrhXugZ,#6e87a8
733,Mr,Worthy,McCalum,,192.2,1FjsZKwnkNUodN2pc6o2Wa3otewaiCv3ZA,#9f1836
734,Honorable,Lowell,Powter,6 Rutledge Crossing,156.2,13FzsCm1g8JfZv5A77ZZtagPTRehEbfkyB,#00d596
735,Dr,Corney,Standall,72161 Eliot Street,178.1,16CDBb9YvWtyb2KSAiqviAu4ZFyjdtymJN,#5bc42b
736,Mrs,Sancho,Mullineux,846 Kings Way,159.0,1AYWWYvSxXaJKwSvUH4KWVdGhGFMHvV9gN,#c00d36
737,Mr,Joby,Yesichev,63 Northport Street,,1HsHVcQwy1VQu7yEfm2iZmkxFgMLtbL6ej,#f313d3
738,Honorable,Kristoforo,Peoples,,164.2,1CnPWG6BSeKrQgz9h3dezmm9spMUnWGBBb,#c432f8
739,Ms,Morrie,Bernardez,715 Warrior Avenue,184.4,1LME31QsJWN9xhAwmZjc7PmA1R2Xnpooj8,#e3300d
740,Honorable,Pascal,Bestwerthick,973 Mcbride Avenue,202.2,19yYtTHP8hTKeXktWQG3HCrnBfnZvGuoWR,#5c9096
741,Mr,Dido,Prator,361 1st Road,186.5,15QnJ23eqWRFwmQfQaaqRw9sD8rqpEVzGG,#d784e8
742,Honorable,Jenica,Shambroke,,,1MfM55FYgM9ECwX1CnSocKE9t6DVCodLzJ,#8cd10a
743,Dr,Malena,Camacke,7 Lighthouse Bay Junction,172.3,19YR7ZDyax8P5NpKijX4VrMKZctynTf3v9,#ee92ca
744,Rev,Gray,Hanaford,80 Dryden Way,183.8,12aCGWXk9vVddabEGzE5DpfhMjXzuq2qXh,#a844f2
745,Ms,Nikolaus,Cardello,831 Kennedy Pass,171.1,16TDcrdMwqmx2TTpPfCoJndvh1HCdTZvrQ,#454756
746,Mr,Fidelia,Blumire,487 Marquette Park,193.1,1P8GLbbGJMg4gsC2DABk2Luq8NeduRtL45,#7c6bd1
747,Rev,Nikolaus,Yea,,197.6,1DL4j1RapZbctMh4ywwzEFeX3bTXJKwoYP,#10913c
748,Dr,Jaquenetta,Mieville,077 Arapahoe Place,182.0,1L6BMTdBC99839rop5wF1McrF6spDET42x,#3c547b
749,Rev,Filberto,Phillipson,694 Arapahoe Park,160.6,1AM62aMU3xJTv4e31c6ndPwdNTGEJ48Sa,#0cc18b
750,Mrs,Homer,Barge,,166.4,1H7MMGB83NzbCQEJMV8krY7vJZQwAZ7cE7,#fc9a90
751,Ms,Jared,Biaggi,511 Union Circle,170.6,1KjvMRih77tYLgX7i27UdWZ9s252t99SyN,#605edd
752,Mr,Davidson,Lunk,75 Hagan Lane,166.6,1MoESrX1NWC6QmGAxJSMDmBK4zB8khXgJg,#f73247
753,Mr,Marys,Joriot,1585 Fieldstone Crossing,185.6,1JUXVJaE77b6syV5ev2qaoLVNQabfeqSWy,#a1391b
754,Ms,Trix,Corson,3 Surrey Trail,161.7,1CoCCUSvdeRjdTDjaccbTBBccVVjZbNK9C,#2f80b7
755,Rev,Marrilee,Cocklin,1 Roth Park,194.1,1HCX7wXr1q9JQgSeRSiEP8r8qxcv73bfqr,#c8fcd5
756,Dr,Fonsie,Lomen,49633 Gulseth Hill,172.8,1KM6kttVjfCn7zEY26EDtXvH4MbgcfWDzg,#3e211d
757,Mrs,Kordula,Goodband,72926 Dwight Center,159.7,1G9kHJtHEbcvcp2T5EPimEdcjx9kzL8Xw9,#356684
758,Rev,Susi,Insworth,0147 Portage Avenue,184.4,1JzCzM5P9yNkAuZA8q4z6dQBUWxiq26SC4,#16fc27
759,Ms,Torry,Rowlson,61429 Pankratz Lane,194.4,16ExkecCykmSX1uR92ahFLddLTYNLeKyZ5,#b4e179
760,Rev,Salli,Croisier,,181.7,1BFVjmQHsFj1discpwACMx6wUaxSDHDxxW,#397e09
761,Ms,Nikoletta,Arnatt,2238 Crownhardt Hill,188.1,1QFir3zkm69VBMUbnpxnxSX5CxFkfb2j4F,#ae358b
762,Mr,Jessica,Timblett,,171.7,1NYM3Ykr2rrT7b2hw2ajYjeo19U9od8oZo,#189e26
763,Mr,Dacie,Doggett,7342 Blaine Street,,1ET9xCqeY9UpHDtwADEtGSKngwcPqBfAQq,#66fceb
764,Rev,Arvin,Gandar,92103 Hanover Place,181.0,1HXTBiCL6F4gGC6xbUxXojwfeSo1fnXvb8,#2bbfce
765,Rev,Chev,Tomaini,9 Larry Lane,201.9,1wUN2Mj1jThfv5utoNtPJpoN2bRk9CLQW,#87d93c
766,Rev,Cherish,Nye,66 International Street,158.0,15tdo6CHApGdxGLkf5vtzwrzzKw2nT5Pfi,#926df5
767,Rev,Lowell,Faich,72 Rieder Alley,201.9,1E2W4UeVBZnFUs6CXgcWcYLMpLqt3UESAK,#1c4836
768,Mrs,Roley,Sudddard,,177.1,1FGTNfVTxS2g7uRkWNnaGxZv8mbG2Fm9BL,#1a2756
769,Honorable,York,Cockerell,71458 Pleasure Junction,167.3,1F4ZutcQ76teZGVXANWmHSY4bPiTayUXPW,#91b99c
770,Rev,Reube,Sinott,,175.7,1FvbCFgdkjkgds2fbZ9SNpVC5r8851mciW,#045754
771,Ms,Karlens,Maguire,74 American Park,174.7,1HiiMsGNRQ6F2n2LDFts3neaoXipLjyovr,#c22cfe
772,Rev,Marie,Hammonds,945 Thompson Hill,190.8,1L8xjJofbkKfSkVy3PM6tUr5iPMMUMwyaL,#14ff72
773,Honorable,Atlanta,Illsley,64 Westridge Road,199.8,1MiYQeQAWPZfsVpnLxzHbj7yEcGbZP87Tx,#39e99b
774,,Charmian,Cook,,202.3,158KJjCkddy41FTpLdPn541JCvPLSmSJf6,#38c893
775,Ms,Michaella,Tompion,,209.1,1NtF8zUP5FZt7GZyyNkV6yPDhvErG7vuXF,#a8c1af
776,Mr,Ferd,Dunridge,,163.7,1DnVcCdBH93d7UNGSdWeoVHANi2JebxFjh,#241e9e
777,Honorable,Simeon,Norcop,13211 Mayfield Way,,1552Pu6c1H4tJqYbKU62xkvSNV4xKFFC2r,#9a19a6
778,Honorable,Marilin,Kerrey,037 Waywood Court,167.1,1NLSv7Uoux3F4QFnZjZK1o5H7tDHwitbUp,#a1810f
779,Ms,Magnum,Strathe,86005 Shasta Drive,191.5,19iXCHbSndMjQ1HaZcTvko2r5gNcbG3Bvb,#dcdf76
780,Mr,Colin,Matson,46 Ridge Oak Place,171.8,1NCt23mChq4nukAy5196ZCVpLPREBsoiLS,#d330be
781,Mrs,Margit,O'Fearguise,42 Grayhawk Way,180.6,13jUk1FyVkqifuHYF3E15aWazv4RWAEN3t,#431215
782,Mrs,Theo,Heijnen,9 Valley Edge Street,204.7,1PJVLSmXe25o4u2Zkhipif2cX3QsCcLnsy,#d00bb9
783,Honorable,Deeanne,Beedon,0 Green Ridge Court,162.1,1DGcKiCx9SusnPpVCDQbNxsNRayMNwf1Nu,#1a0c48
784,Dr,Wilona,Dovermann,620 Oriole Center,164.9,1DYQEeMZiS3dHKLNEdxucAP7i71bdmWD4c,#76722f
785,Honorable,Waylen,Chaulk,,174.8,1HeDYvVKNyNibxHfyP7gaHjvqWbzAe68SY,#975031
786,Ms,Erskine,Mingaud,38 Mosinee Hill,198.6,18kYSoyHeZMHeiXga1EFTArURSDmMoRjMC,#1aeb4a
787,Ms,Kamilah,Kaiser,49257 Huxley Street,,1GcTYtR73aKFTVicHaMJmLoXW56Ez64FrF,#84322d
788,Mr,Erena,Ouldcott,53 Veith Alley,174.6,14SAmHRkCn18L6VXvcnvmTzU93sGSk2wgu,#be3845
789,Dr,Osgood,Pund,,163.9,1PB66g68wcYa8PnTMwYuZuzxvo15FyyMLJ,#d07401
790,Mrs,Danyelle,Rexworthy,0303 Union Terrace,173.7,1F2jBCz1UWkXKDHNpFLKvifvSeeLvWC9ww,#273396
791,Dr,Jessica,McMorran,200 4th Alley,198.0,14GyjTNw5bgfnNewfmFoknytCZXGbBtEzz,#d33fcd
792,Honorable,Dee,Georgeou,,187.4,17o8pEFBVdvdSFgjdkueckhNhfxUDN63mc,#aa32ae
793,Honorable,Woodrow,Omand,22236 Declaration Lane,168.7,16jH2ZLgFyn1C5BvsQhUexRcyq9GU5a3Ux,#479eeb
794,Dr,Analiese,Hugnet,7739 Ramsey Trail,179.6,1QJieku6vWobk8PKhsURnGEaqimAV7n2pf,#c93b68
795,Ms,Teresina,Laroux,3 Tennessee Street,177.8,19eQyL1ZUx2qSx7fNmSzRyjdbEZ4Dvh4vy,#f22aea
796,Dr,Agosto,Tattersdill,3644 Merry Plaza,187.1,1D19hD644gt7WMBz73xoVq1oinFE3Be8TJ,#fcfe28
797,Honorable,Jay,Ailsbury,171 Scott Junction,197.3,1K5X16jZwvaC7A9ATET4ANxbp1xoU4qX3T,#d932d5
798,Honorable,Penny,Herculeson,,207.1,1Bv2veUNdiz2GeGR5NK2haBtB5cvnTc6Xv,#d019ec
799,Mrs,Ker,Benterman,2 Fairfield Circle,195.8,1FfyvMqczaiPmS8B4WjymbMuG3yvR7zrBC,#49137e
800,Ms,Sibeal,Coxhell,57773 Golden Leaf Way,173.5,1HWFqN93m3Vk8WefZQAuS64rJ7TMz3r63K,#71398c
801,Dr,Sallyanne,MacDonough,55 Nevada Point,206.6,1MedkApiV82ozV1M2wUNmNFfDu9sLXg8RH,#146a56
802,Honorable,Kattie,Bockler,,,1N2t3ceNWh57nVYQ6kY7qH4c22PwvuhELR,#b273ac
803,Mr,Goraud,O'Brallaghan,38503 Summit Crossing,168.1,1GZGKrfU7W3y8EqZgQ7xRYeM1iuZpGrwko,#f9ac14
804,Honorable,Kris,Digwood,460 Lakeland Hill,171.9,1CdKfMNuUmrjWkK2u1qzMSqRC7QFhBun7g,#26035f
805,Rev,Niels,Montes,65 Hanson Court,,14c5a1K6Uxzmm4XEs6mkopXJMXuEwd7knY,#218dbc
806,Rev,Spense,Lembrick,8815 Talisman Terrace,209.7,1JEYuUpkmYFjsMdFg8ZS46nsRFpDr9mVWH,#083023
807,Rev,Charline,Whittuck,,198.2,12w4L62f78QH69gKuA1rk5VaBBWPSfYrrQ,#493762
808,Mr,Harli,Merchant,2 Dahle Plaza,165.4,1NdH27Fe8weaRnnskkPnXdTn43dxe3MXn9,#02c6c4
809,Mr,Matty,Shearmur,352 Ronald Regan Crossing,207.0,12BXnbY6egD5m31Gyx8BvKr1k4jNH5HzdW,#69da4b
810,Mrs,Matteo,Damarell,3535 Anderson Street,202.2,132vmDfwNADfQaw1uwpjs1q3D2gs2bkZSj,#b05239
811,Mr,Sharon,Hirtzmann,84 Carpenter Trail,209.5,1C4bNuXimc6zrJjPn2hHQ2BsY19z1uysy6,#7d28e2
812,Honorable,Galven,Rathmell,984 Northridge Hill,189.9,13V8fr5rJCTTYDK2KxwBUEP8smdPLoe4zB,#2a5641
813,Dr,Joshia,Uebel,0323 Vera Hill,170.6,1KMRTdnK8ZrTyTpo3uyiiKFHS3sBjKu6F2,#7f3c88
814,Mrs,Zola,Broomer,637 Crest Line Junction,184.8,1MAE574eN5gWLJiLaFke5BRBeWkg5UpDT2,#a18d29
815,Dr,Roth,Given,89212 Anthes Road,160.6,1CdputfjePqZn1t1edDzDoJRApZm47DzrH,#90067f
816,Rev,Denise,Probart,750 School Parkway,200.9,1KmSCG5fyFVb2SsgZzno4W2zX1DhtnwsgE,#c29bcf
817,,Jody,Mulligan,14 Boyd Road,186.6,16wit6FbQGDegEiqEhufv6BoVyTgXLkofE,#699205
818,Mr,Shirleen,Albon,84 Basil Way,160.5,1Hk7qUHg9yjhAcdCM7WVs5RuPC96EqRVnz,#505529
819,Ms,Lebbie,Barkworth,67 Dwight Road,208.4,1J3KsnrXhC99ebqSegeAD4UMH9poJA2ivE,#55fbbb
820,Dr,Raphael,Bridel,8047 Larry Center,183.8,1EN5csCrdLwLka2LGPqwmV1gWkWkkCwTQH,#3a9947
821,Mr,Orbadiah,MacElharge,45063 Sunfield Drive,171.1,1N31RdqzSzeUJMwKRnnMqpy6Tqia2oa4vr,#6ef46a
822,Mr,Sharline,Crush,7 Cody Alley,184.9,1KbPmBgQmsYaS7jnGGe6BpeSXaqHVt7Ru2,
823,Mr,Koral,Behrendsen,3 Derek Alley,172.4,142jpePWt8Nnvt4xUc4JMxJJe4beX6f3Ca,#9cb4fb
824,Ms,Aaron,Geindre,7 Del Sol Center,198.3,1vgGrRr3HVviFDmREGeM16sKgygAf4s1M,#2a1318
825,Mrs,Pooh,Tibbles,70153 Dahle Avenue,190.6,1Hq5RXYs4X2AAYSuaVrqCMvoRDm8KmLfqB,#93b567
826,Honorable,Selia,Kliemke,09 Mockingbird Trail,185.8,1FGg2UQAgeS52BbCjBrBnhVeyqwMYzbvMd,#d354f0
827,Rev,Natala,Corben,7411 Brickson Park Point,175.1,1Jd4AcfwKURWSMLmZ9ScSxyoXRsNBuxKdj,#eb78c9
828,Mrs,Bryn,Klyn,783 Ridgeway Junction,167.0,18FTRY3B7MH2LRMoWFzWDNawQpe5n7peB6,#59c0cb
829,Ms,Juliette,Doy,,196.2,12UfpZmj2echds3wcjHqTvstKYheb68LRf,#d72d6d
830,Rev,Ike,Micklem,,186.0,1JuQacF77Pg5T5JigPmZyC4VzaiCyf26XM,
831,Mr,Kimberlee,Dainton,,,1KJa2BuVk2pzoa8JA5VdxMZYm4wumF8rtm,#afdcec
832,Honorable,Rebecka,Dagg,87348 Packers Avenue,194.2,1GBHwLJ4s7LQAh8BnHMYX11rNgPy4bwhXs,#547cc5
833,Mrs,Christoffer,Ings,734 Utah Terrace,184.8,14ouQ3t79gye53oikMgQbKvuDWGKx5f4ZS,#3806b7
834,Mr,Davie,Ewells,3968 Weeping Birch Plaza,175.1,16F7jgQqkNFdEFgtabahZTrHviqBEWFLdc,#4545f4
835,Honorable,Bevon,Goodridge,0387 Redwing Trail,184.3,1GQrRcGtt5jgioQKvXKYyKfrQwhHsHGkrc,#778109
836,Dr,Anabel,Goodbourn,7 Mcbride Street,,1K5km9Ga59QVxhDQcFzANFWttT3XGJz17J,#1caf5d
837,Ms,Maria,Haxbie,8331 Steensland Park,160.3,1GdPZHthtrFqrYs2ECyk4iTCLsgAzkMPrj,#e02377
838,Dr,Darcee,Locard,68 Valley Edge Park,174.9,17UmA12aBtTSxnuiHj6AWCNU6b6EPoSdcu,#8b154b
839,Ms,Dawna,Caulket,454 Milwaukee Drive,159.9,1DK6GoFqnw5ktDjw6VjdTiNymQMBREY7So,#f008f3
840,Honorable,Evered,Lackney,,197.8,18NUksQ8EihLoWpgcs5xu5MYqz7NzmnCqh,#896449
841,Rev,Gabie,O'Ferris,3544 Oak Valley Way,173.6,13y2gJyH1WyoVgjo9YsfEdT7TcEn3a6T8j,#8b40c9
842,Ms,Sherwood,Yitzovicz,80029 Dixon Park,205.0,1CqFYyGPeTHJVmhdDs8N4KGrNnhiqdcQZc,#47526c
843,Honorable,Tammy,Saulter,,163.5,161ZQLgWJkLozBTKd2G8Jfo6zGScFocDeQ,#7d0141
844,Ms,Marc,Norquoy,932 Hoard Pass,169.7,15QuuRCTb1695d6c15YJfbFWPf2o5FUaKo,#10f334
845,Honorable,Esra,Beers,00 Crescent Oaks Plaza,178.2,1Gnbgp8qDj9mpTKLiKedrYACmLconytATZ,#cb246c
846,Dr,Ginnifer,Tutchings,8752 Emmet Crossing,,1LcQeWNVoKDV3Jby8q6HTKP4C5PePjTgFL,#c77394
847,Dr,Koral,Santore,11316 Washington Lane,188.2,1FXCnJ7kxP2MAkV3cqRtKfkqUMyk3A5dHN,#8f5a1c
848,Mrs,Andria,Brose,57145 Fallview Junction,156.0,1JPaVsYJXTrJtsbeveD8ptcTnq3aRmbKyY,#f839ca
849,Mr,Pru,Brotherhed,12 Orin Crossing,173.4,1LPXbZt2QwtiWQBfxfyBwqWjShJvgmcGPa,#79669c
850,Honorable,Trent,Ricoald,,163.8,1FJiJJGPcjhRBSx1kdZPmsXQ2CsZHcYeQ8,#b1ed75
851,Ms,Jonie,Valadez,,174.6,15p9NHN4icCNRg7hUt9zJKnBoNkv7hmEys,#fb4880
852,Mrs,Babara,Boddice,,203.4,1LvqPs3NK2jfYSwXFCUgNCrvS6sn6kfkWL,#3fa182
853,Dr,Jorgan,Glanders,9 Bashford Hill,161.5,14LNZ4wfTcscszJnskn2WHiFLeJW7icQv9,#d43381
854,Dr,Nevile,Varker,47 Calypso Trail,166.9,1LyHnDDf3wnnMVkhpB1zTpybcZSheygxAV,#4a93df
855,Dr,Claudette,Rate,02563 Anhalt Drive,186.3,1BLkyoVqoDedzd9RfcQDVmLUCht6XJAng5,#28016f
856,Mr,Heath,Beachem,2107 Atwood Court,,17LqHYeQNNThCaXaf6f55JRjT9RjW9LkhR,#4f7d3e
857,Rev,Hilly,Battie,60999 Myrtle Drive,194.8,1Gbr1w8jM5T5sGURBC93SWMCA4DMb46LAW,#34cdad
858,Rev,Opaline,Catford,40535 Mifflin Lane,169.2,1DNDpb6J9VDNBiHvnytwUJo1UB4pzD55fL,#7155a9
859,Rev,Dewitt,Kynaston,2 Elmside Junction,186.0,15Lp7ZvcZFaKHUxxkZfSeGQn5Z2cYHQq6v,#277429
860,Mr,Zachary,Arstall,6 Center Drive,160.6,12JnbUyqChhoG6qR2mKz9ywe4zLEtCH2wf,#b87e77
861,,Horatio,Rorke,86 Butterfield Hill,169.0,1PaBdT3b8L784fkXzfwfcKA6SViYBr6jfy,#cef615
862,Dr,Amelie,Cauley,83178 Dwight Hill,169.8,12nuJfbGZ1XbhtNLyB8yEBUk9U5Zt9M551,#e569a0
863,Mr,Lucius,Tomczykowski,084 Dayton Pass,172.0,1FPEhyWFjoUDkxATJPBXkk5kQi8wZwwwzh,#48c7ca
864,Mr,Hillary,Lambdon,7226 1st Parkway,170.3,1C7LgDEBG4xoveSDwnr9VRvUxKiC9nNZC4,#e225f5
865,Mr,Bonny,Gregorowicz,1 Morrow Park,165.8,1EnVP8aR1VZbxTNMwJ6ScUUQLCQqZC39M4,#e5fea5
866,Mrs,Sigrid,Coultar,,204.2,1QFHzyJ6U9knQETd5rqzCyVnpdTtLCZh6G,#f6d749
867,Rev,Jarrett,Boswell,03 Bonner Plaza,,13KkpqbLAXwhAcQW1RJSVXbKj84BqV9cts,#be5259
868,,Hanson,Cowland,71374 Haas Trail,170.8,1KiUesrYdnc4rMEDDQgnH3e4tuzD44L1qz,#49a712
869,Mr,Reamonn,Frood,,184.5,1BdwgoSMQyHJzcvqZW77g5bCQmsmDAL5qf,#dad2c7
870,Honorable,Daveta,Bassingden,94617 Helena Terrace,172.1,1Lfzc56Wws6fX7yoFdRtVEqdMJtJyRYsUn,#4a818c
871,Mr,Ara,McCoveney,98512 Golf Point,167.2,1NbDTAXhe17eP5sxUSHdSyxFzWSukzQkmo,#593bcc
872,Rev,Emmaline,Cockman,577 Norway Maple Drive,156.6,1KjZvTT8uLRaTKyByGFHtFBFByc1U26Jst,#8b59be
873,Ms,Ileane,Yesipov,27976 Aberg Avenue,194.9,18bXyeYvZ6cMonwZYvq7pTy7ebnk9PDxJe,#520561
874,Ms,Zacharia,Abelov,8929 Brickson Park Drive,200.8,1FUAARLa9cnZnP7MattWupjruaTDmiNoWH,#d6ec1c
875,Ms,Johanna,Dorwood,893 Porter Lane,195.4,1vSLD5EbqEgGKAm9geProTfr1tEKd5xM5,#828214
876,Rev,Karlotta,Birkinshaw,930 Dorton Drive,169.8,1LgeZioWzDT5Vq4eW29ReYP1uj4fgcgm7E,#baa639
877,Mr,Griswold,Knotton,14969 Elka Terrace,165.0,1BsoBvWYXVLSFwd5xRwTMrYyUhehZAMrYi,#cb374d
878,Dr,Delly,Giovanetti,89501 Shoshone Parkway,185.4,13MnriwjZcmq9cEbAMm9SkDjsvYjLWMi9Y,#302d6b
879,Mrs,Cordy,Chedzoy,49 Jenna Circle,163.0,1MjBqYDEc2g73dKTe9CgX3eHPE7aXVc3tG,#263873
880,Mr,Dannye,Haugen,,164.6,175L9rzXj2aJND3KDCmVpKxVzVzKJu8jBq,#fa5ed5
881,Ms,Ira,Sopper,6872 Springview Plaza,187.4,1DZMfaibVLk1TyMQVn9dAHyu3Xp3fAnPEd,#906128
882,Mrs,Mommy,Treby,46124 Dovetail Terrace,186.8,1DCrgYvAay2JVic2qVSXQjVkyTUyNdR2hf,#c13ccb
883,Rev,Leupold,Tash,89596 Hovde Avenue,170.0,1DwCHq4wdx8gF7G5LKGbNfW4xMX2kuKVRM,#ebfd7a
884,Honorable,Candie,Llewelly,8 Shopko Road,191.8,19LtBtsR1KM1tMMATZPJ8zQc71Do3Vbios,#44ebf4
885,Rev,Alexandre,Rivitt,10121 Fairfield Place,197.7,1J9odCgwGYfwmRqaKFdoEqGNRTF8t2e1dy,#b7d18d
886,Ms,Allen,Belf,8 Monument Drive,202.9,17UhBA2XSDSfpHow9xBs2NuV8LsJTD64xm,#295fb8
887,Honorable,Garret,Rankmore,3 Park Meadow Point,202.7,1K1xWyCrCNjkNgX5iCfuNTr5sUY1PmqU7P,#9addf1
888,,Ardath,Gerry,383 Iowa Road,209.8,1LuCk1fqJURxuPrXskvPNpY3qXAsyHayC4,#afa4d9
889,Mr,Layton,Franzetti,56873 Butternut Place,195.7,1KxGvtW5PiK4TAjJLk4Up1mcDAg1UbesqZ,#9945bf
890,Ms,Merrili,Hardway,6 Steensland Parkway,,186o4DyYCLxarg2rPwjnEppC1PnZqUVaZ7,#556d6f
891,Ms,Christoper,Geggus,7 Oak Avenue,155.1,12nopNtG9xb7KvnqpW5UKPkuyR3hiRxFJH,#0d61b6
892,Ms,Benni,Pardon,801 Green Ridge Junction,186.3,1MVwJE86qrcvoVAEpbPsG47TohFS446NF3,#af865b
893,Rev,Randell,Di Angelo,,203.7,18VGKDVkDCgwDrXnR6yQp98wCDxsMy2tXe,#895834
894,Ms,Antoni,Shimwell,101 Katie Avenue,172.2,18WdYFsdesDPuN1nvZscJXjQYDjQmDAeGv,#cc9ef6
895,,Maurizia,Adey,52560 Bultman Terrace,177.5,1Kycwi5VX2TBd3YZLczjUcn2JKKrMiUAZv,#c9211b
896,Dr,Towney,Shanley,,175.9,146fnegcMkGqmX5BECcs9r8Rddn2uFvWhV,#75b54f
897,Rev,Gilberta,Ewenson,0 Pierstorff Street,,1E9FNDnyDywQJjDavBtewxC2GaWroGrjfw,#12d130
898,Rev,Bondy,Felix,,171.8,1P4YXvFF4rKVhK8HqRfWLgZoJd8PdyRaDj,#3109a8
899,Ms,Ravid,Tallach,91 Vidon Pass,193.7,1LRUjHA3zMgc8B4fPMiXYDicMw3sbJXegi,#9b4f49
900,Mrs,Margy,Hawlgarth,0029 Toban Way,181.9,1KwSsUmASxbbrdYypkErJm7Wk5Gr5Bf5To,#73e74f
901,Mrs,Starlin,Huntington,1763 Melby Circle,209.9,1Cnoecv7JxitVDW4ByJXVKBjLsKqMJ79Xx,#db7bab
902,Ms,Lacy,Hustler,92 John Wall Hill,,1EUf62uG7rPQCLEeKzjStY6jkaXWMZtu8e,#a1d4cd
903,Honorable,Mariellen,Walsham,5 Lyons Avenue,167.5,18CqRNZ5qejYai4xKupinhwqkf6hGDBiWE,#f3f9b3
904,Honorable,Dillon,Critchley,3273 Atwood Drive,196.6,1CG7hCwv4JfcwDQNMkzQYZkqHf4wKtPNiJ,#f59515
905,Mr,Emmalee,Halliburton,14 Marcy Circle,191.2,17ZYVCqs9v2qbHG6oCVMLNdjSY3dAp1QHm,#671661
906,Dr,Mitchael,Llewelly,,178.0,1JbB2yV3bDdzR3vU7V2quppsfSsELfAKZ9,#e6c068
907,,Loria,Soigoux,,186.0,1KHKtpp5LNzGyyUE6qK3txBqrjvwidK1DV,#ec69a6
908,Dr,Donelle,Torrisi,3 Ridge Oak Junction,167.5,19ptScjsH4aCkjKr7Jne56NJ3o2V6xSF5q,#b94359
909,Ms,Lewie,Croley,66104 Sugar Hill,,19GaspUut7rtLSvnKoAdg1CAkHSV1zgyn2,#c00489
910,Honorable,Trumaine,Rosen,470 Delladonna Drive,191.6,1BjPCv35KzhoLxqboVnd9mWecATioJBH7N,#e0406a
911,Honorable,Kristien,Doerrling,47 Dapin Park,186.6,1AzSTAyyWMuirfuBqn1Tmg9tourwuuAdWM,#31df11
912,Mrs,Binnie,Wackett,078 Golf Lane,197.6,1PCpDCMF1hTn1dZd7avTE8jQgHTnwNv1MD,#10157a
913,Honorable,Hildegaard,Benzing,341 Schmedeman Point,190.6,12To4MaPexnctzpEx2JmoLwcog3s8jq529,#df0864
914,Rev,Wilek,Hatrey,01 Namekagon Way,172.4,17yWJcoyyR4AiuyRQvBnhR35Xu2Z5P2569,#377f8a
915,Rev,Florian,Bourdon,46 Superior Road,192.4,164FF2xXatftNfTzmZRAN8YCcb1n2cAT42,#c35c2a
916,Rev,Katlin,Gillfillan,822 Hoard Crossing,181.9,1pJ3TTZWkpxGNYn5tC5nmUmAow45xto1a,#ff3bfa
917,Mrs,Florian,Savoury,0 Hansons Park,,1BemzdTCNYE2vG4Ys17mwhVUJHAi1EPS1t,#f2e3b4
918,Mrs,Goldie,Snedden,,,1MaiN9GMcNsQqgzAQQaB3Fa4jpCSisVNiX,#025dc9
919,,Derick,Hayford,3682 Sugar Hill,168.7,1iujgx3JF7NVMj62YYkRujzAtogYYD6uv,#4bb6a2
920,Mrs,Yulma,Brownjohn,172 Fulton Avenue,192.1,14LVVspvRdoLH43oHS477eaEw4F9ihvUAg,#1ea3b8
921,Dr,Odelia,Dubble,,158.8,1CkSfwC66VjmHXDGpo3V9LQB4sfYcmE4Ly,#dc01e7
922,Honorable,Renault,Faithfull,20 Hovde Alley,160.7,1DpXWF6sT5bYvvtvLwppKer7tcDZyAic8r,#3d5443
923,Mr,Ted,Lawrie,1 Forster Pass,183.6,1GC5KtQmyHPgEGgkCaC9ekWkFoC2JKwjX1,#39ce14
924,Dr,Massimo,Flaxman,8 4th Circle,180.2,1AwGejDsoJbswsatuHgHPBWBMm6KgLpgr3,#b00824
925,Mr,Uta,Finessy,75 Porter Alley,181.6,1N2pydthZUD7N4v88erDJ527ucScUaFyGN,#7d5abf
926,Dr,Dusty,Hubbucks,9761 Cambridge Plaza,161.9,19JXjJqniqXfukFQ3r7D1Lk2NwMqYMuWWS,#4086f5
927,Rev,Marji,Jukes,62 Blackbird Junction,203.6,1DK7nEvEmQiZsuaYZfbbacvuTN68kTeCXZ,#a4852f
928,Mrs,Jordana,Joicey,,193.0,1GUTUxq5KXCJ4HDTQZwpmkC3Rd5WcWHabN,#c09284
929,Mr,Henriette,Davidesco,,185.5,123bzhXV9cCKfFagmKYfGLJQvvkWUmpdgp,#016e2b
930,Dr,Milo,Clarridge,360 Anzinger Plaza,174.3,17EJmRwNfpjKWBqXYw1Bi9Ncys9QQVmvWS,#d2a2ae
931,Ms,Caryl,Falck,1 Oriole Place,192.0,1HMGiCzmFRFUTryhTHbbYFGv2gp6id1mMM,#246758
932,Mrs,Jarvis,Gradley,99 Fremont Avenue,167.8,181xLxrD5nAqSxonpKDHnbvSUiiNpfQ7jz,#0b9507
933,Honorable,Didi,Stoffel,50088 Marquette Junction,,1JD4jiSRDZWcCzPBa5Z4o6Nz7p8mXn1rJa,#a936f0
934,Ms,Lurleen,Gilstoun,6 Lakeland Drive,170.4,17PW6nzPwPwj46yWLRMQef978iqYSxBFwX,#d69b8a
935,Rev,Zelma,Ventris,,190.9,18YtRv97vuwwK47NUvRdg9KNs2M9C1xeD7,#7aee21
936,Mr,Taffy,Snelgar,68822 Lukken Park,,14jmQw9wdcMGxnXyKwVdv5maPohCkrsqiT,#b8007b
937,Mrs,Gus,Kleinfeld,41 Hauk Alley,162.7,1G2b4yWFkL4YxpJV8Ekyw767aoDDpzDbfE,#160e8d
938,Mr,Desiri,Storrock,01 Oriole Lane,186.6,1KSwsT9rbcSBcukfvUwfewio3PxhK4XASN,#fb238a
939,Rev,Pauli,Ingry,,190.5,15Uw9tNxC2G63zTk6pWfUkJ3Qe4jfgt2mr,#4f1805
940,Ms,Lindsey,Bryce,,171.8,1Hx2eNBHVs3UB2DGMXSBR6pVrv8e31w27Y,#9d7778
941,Honorable,Renault,Glawsop,440 Linden Crossing,156.3,12mdsi8Y8zHK5UYEGbam32MHbotwAP37HT,#d45c2e
942,Mrs,Maurine,Doble,,166.8,1AMjfcviSxBhPxqJLCR5HGsMninn7wV7vv,#41be19
943,Honorable,Noella,Pyer,30670 Walton Pass,181.5,16eJ7xMeK99mkzWno9HcdeRUhxWpxW7wud,#36516b
944,Mrs,Gearard,Snalham,9724 Dahle Point,188.1,1AJa9EwL5fSgPycvJxyWW6nYgX1Ls8TKFB,#b4f87d
945,Ms,Doralynn,Deering,32 Browning Lane,159.2,156U1SkKXhXDGe7xoQA6MA7Djyxngmehn3,#888e04
946,Honorable,Leandra,Tomczykowski,,184.6,16WeSd6fRUyk8yB8DQNwftjCXipXLHHuoQ,#055816
947,Ms,John,Redfield,4 Pine View Center,201.0,1C7sQ5r6uabzZpCnQkHWQZtmWNZg6wyhDn,#f3509f
948,Dr,Cammie,Cuppleditch,684 Pine View Alley,,174oouG4cm7zVqmbbEU5EA8VkQGnsBybLy,#4ede12
949,Mrs,Bink,Burgher,3 Pankratz Trail,165.7,1N6VbWkvumDTydY6XfeE6pGn3kyeCL8jhv,#aadf3d
950,Rev,Upton,Dunstone,1364 Thierer Junction,,1bgtC1NXPir1rZwkCYfJXpmrnSGKH54wM,#33726d
951,Mr,Nerta,Gimert,24692 Buell Park,198.8,1CDhrayHNbzK5aLjXGuMVo38Dd4qwrxJtA,#e987cb
952,Dr,Aprilette,Sockell,0813 Southridge Crossing,198.7,1DLeKMjk6bGsDehC5MWQjnEnXu3UMaMMNi,#8e97b8
953,Ms,Ram,Grealey,5 Fieldstone Center,199.2,1FyuL6SQpyYFV7q81iymTjZXFJL7jGQ4k8,#4a877e
954,Rev,Pollyanna,Van Castele,190 Elgar Way,200.6,192WJm6tBdy3d8Sd9hR4LNyQmFSt1eZQR9,#4f2bb4
955,Mr,Winfield,Cavaney,,155.7,12yqKCVxcSnt2tQUU6NpiajHQJJUwxTGB5,#6ae91c
956,Mrs,Janel,Willwood,67046 Valley Edge Circle,190.6,19fHy3UmMyqo81qJDxG8ba5MmpebXTkfAm,#6e1792
957,Rev,Jefferey,Crollman,422 Miller Park,193.7,1H66FDTpgPyRW6Q8rbtPzDsTRHX1CYzvHM,#e101bd
958,Honorable,Barret,Crumly,,193.2,1AqBJnAP736cEjwzvhGedNsK659qE4p6K6,#0012d1
959,Mr,Hatty,Awton,5 Towne Place,178.7,1A37HwvmrpRKZzPSSEoEJeYkhruzmj6iZt,#72ec1b
960,Dr,Chris,Christofle,861 Old Gate Street,187.4,12RJ4ZvzBjZLp5ZArQQhwPBJi5R8qWg5Gn,#9d559c
961,Rev,Brod,Nana,0 Derek Hill,189.6,1M2kjU7DnHn6kM49bPSg7VAvkNJJTGs6FQ,#f731ed
962,Mr,Thaddus,Pinwell,,181.5,1E36UECPVJJtWvnoenxaaFSCZzHVFEVEsj,#76dad1
963,Mr,Ilene,Surtees,,,1FoeUAqHd9MxSkUaqsvKu4LjvR6DM4GsED,#b93579
964,Ms,Odey,Schwaiger,861 Sullivan Circle,192.3,1ANjLT3UT6katxdYhSEtdJBx5bopecL14C,
965,Mrs,Rufe,Dreger,2 Orin Road,,17Bnp9nFEuyereyD6VdsqWbFu64Vk3VVwP,#1d23fb
966,Mrs,Tomaso,Braley,,190.3,1B8UXApc3Cz9Dzrfj6sseQ2L8zfYm59KR7,
967,Dr,Heloise,Matussow,99802 Starling Road,194.7,1B6RvMvuVUE5Bxi8wCjitQdzxaAM8PDZ4N,#150a2e
968,Rev,Vivien,Wieprecht,2 Ridge Oak Center,171.6,1Hy6sddRrcJ3sq9Wc5zfb4DxEDZMLN91Y3,#c2da00
969,Honorable,Chan,Claus,33050 Buena Vista Pass,165.3,1NPEprC8hT6sQ8k7ut5G4pSt8wexvUhhrb,#056edc
970,Rev,Claudius,Kent,35 Homewood Lane,173.5,1J49nZNShHcSV24bhW7iUHNRQBcMPHF97s,#66d50c
971,Honorable,Scotti,Leopard,90 Golf Course Place,185.1,15A6EN6X9GDH57VaaS19iZhQtS4Q6qmmUg,#e2024b
972,Mr,Kalina,Pilbeam,,,1ArJAtWtzBgLpNofRAqaEP9d7oJWf2SwdY,#681cfc
973,Ms,Parry,Verduin,611 Colorado Way,181.3,17iC11xgdY9BJneN8F4dRs4u8MXbKb8yR4,#bf46b2
974,Rev,Rosina,Brabham,9 Morningstar Circle,,1HiaCs1eeCC6TW1e1FW6bcp1wVjG7b5AN1,#a6a45d
975,Honorable,Cecil,Geraldez,39 Mcguire Plaza,,1MjKKKhyFPBaZwSdPtcwafS19EEAkviddx,#f6bea4
976,Mr,Dael,McCaughen,28 Ruskin Drive,165.4,1EbFrmuC4TYST4F9neYz5yZuwjQTBpJaAs,#634085
977,Ms,Genevra,Hancorn,1 Mccormick Road,,14y8sCqSnT4GkpfsLboL5d639H7cn7eMxR,#d540db
978,Ms,Darryl,Georgelin,6 Gateway Park,188.6,15QAwNqbQdM7NEWNs3HrpucXyyycy6nMey,#2d356a
979,Mr,Vassily,Galer,33858 Dottie Hill,169.5,1BcespqvjXhhXandmWE2ERmMLCBv6aafjW,#31ba23
980,Mrs,Charlene,Smith,,190.2,18PEszfbzdEpu8PMjNeqbtQvJTzUWAdncE,#c59b43
981,Mr,Wenda,Tremblett,,205.6,1E9x92556yhfLY1eJnuHUSWQoALtwJgpsb,#e68e14
982,Honorable,Lisabeth,Punt,,168.5,1L42S3QSLDofx519EWZT6QTW7VvtFQp2VE,#fbd2c1
983,,Bowie,Basford,46099 Memorial Terrace,171.3,1QEqUN2q1JShxEuT1cDybbsxUDok8KJfq2,#b4cedf
984,Dr,Harmonie,Pollicatt,6116 Burning Wood Pass,179.2,1PSfiSqyUHxn61KS8K3ufMzXyZnbXk4mq2,#5b0d8e
985,Dr,Cal,Courtese,479 Dryden Trail,,14QAYJwhs8U2ut5wF2pfrDPzgeGQDjv1C1,#613460
986,Dr,Rog,Houselee,41510 Ludington Pass,188.4,1PVwc8u9TxAEXdijXqCQjPynccoHVnEoeW,#06d861
987,Honorable,Eb,Hutfield,27 Helena Trail,166.2,1nJVtJTTu4en5i6AueRuZUN4K5APjWNbi,#5d96d8
988,Mrs,Nyssa,Rosenzveig,5 Carioca Street,203.8,1E1buY1bcahVe49pEyX1UeZsu2p5kiuREX,#411e7f
989,Honorable,Damita,Stangoe,7104 Green Circle,202.3,1NeMhtJVwG3KLr8HfY5FSbTvQKWmYjxZy,
990,Dr,Tandie,Durnford,7 Menomonie Drive,169.4,1NPwkPojsosbFJXRUvGfFrDNq9tWEJPwBv,#b3863c
991,Ms,Aluino,Slimings,23 Hayes Avenue,167.3,1NWB72wtLQ7b97AGrAz9h9ptXXJ4Qs53mx,#cd0e0f
992,Honorable,Brittne,Juden,47147 Loomis Court,173.5,19PTXYKqP3vqftPb73Jhjqgq3ggePKzMTY,#ad65d1
993,Mr,Hurley,Flook,,155.6,1fYwxTJoT7GQ8mPYixAwJazuUjtgSEhGb,#8c9a05
994,Dr,Dreddy,Kimmons,96 Dwight Crossing,182.6,1PJ9anvXkwdMfP59xSKRVMdL2QBMhDXTS5,#d07651
995,Honorable,Valera,Deboy,8924 Ludington Road,174.2,15afZZPcokbZNfbQ8Su23Nau87Y6X2Gf2C,#e95de1
996,Ms,Candace,Greening,7035 Havey Point,185.7,1MAj7SWYLLpKHbPPTxgSDuKVbHbzqheF5g,#05575f
997,Mrs,Thorndike,Purchase,46236 Continental Trail,181.4,14FnHX7LdqT8igRv8pbvEBfePw8EAeYSpA,#ccdb5c
998,Rev,Garold,Sabatier,7 Red Cloud Road,207.5,1K6njPki6Eagj8wdwhS3Z4VDozj2tEpfrX,#a19e29
999,Mrs,Geneva,Forgie,,206.9,13Cz3UpjEzuFdzmSaR6aVgTsZfopuXY9zM,#b79b02
1000,Mr,Lydia,Sherrett,7 Gerald Place,177.5,14wXh7CmQskbCca23WUongyT9KyULgAbNB,#f5537c
